target_owner,attacks
arpitbbhayani,18240
Hrishikesh332,13973
linus,3840
andrew,3267
Welding-Torch,2548
anxkhn,2198
hanzalahwaheed,2063
Ratheshan03,1888
ninadnaik10,1712
karpathy,879
torvalds,735
HuakunShen,606
knadh,552
kuyoonjo,505
probablykasper,505
devout-coder,459
tauri-apps,406
dubisdev,404
ahkohd,404
thewh1teagle,404
authorizon,303
JonasKruckenberg,303
ayangweb,303
max-pfeiffer,303
yezz123,303
anthonycorletti,303
piccolo-orm,302
encode,220
testdrivenio,203
s00d,202
zhanglun,202
dannysmith,202
long2ice,202
samirdjelal,202
sabuhish,202
RoseBlume,202
hiql,202
persiliao,202
breadthe,202
meel-hd,202
rajatkulkarni95,202
Levminer,202
deid84,202
idootop,202
ZaneH,202
ycd,202
dmontagu,202
tiangolo,201
fastapi,199
microsoft,125
coleifer,119
aws,110
MagicStack,110
ParthJadhav,102
rustdesk,102
zhanymkanov,102
Pytlicek,101
Synaptrix,101
zeet2020,101
egoist,101
faststream-community,101
maldoinc,101
Snailedlt,101
sasha-tkachev,101
skymen,101
c2r0b,101
ChurchTao,101
drl990114,101
BigIskander,101
Trivernis,101
jonra1993,101
CanopyTax,101
kthwaite,101
wearrrrr,101
kr5hn4,101
harshitsinghai77,101
adileo,101
Tnze,101
pilgrimlyieu,101
aptabase,101
lifecoder1988,101
kunkunsh,101
cs01,101
UNIkeEN,101
sollambert,101
Web3-Builders-Alliance,101
apitally,101
ChristianPavilonis,101
AkiraBit,101
Tormak9970,101
tywil04,101
blinkospace,101
BeeMyDesk,101
OneKeePass,101
blueswen,101
kayak,101
upvpn,101
rome-user,101
Kludex,101
SlimeVR,101
colinlienard,101
Kesomannen,101
billyjacoby,101
comeuplater,101
tarsil,101
windht,101
open-goal,101
tomwojcik,101
acidjunk,101
padloc,101
dewy01,101
jsnli,101
clash-verge-rev,101
smokingplaya,101
timfish,101
Sushants-Git,101
mirzadelic,101
nashaofu,101
Charlie-XIAO,101
egbakou,101
fuyoo,101
h8moss,101
danielhasan1,101
fastapiutils,101
buildyourwebapp,101
shixinhuang99,101
kvnxiao,101
jam53,101
pynamodb,101
sunhailin-Leo,101
CrossCopy,101
Orbitale,101
dymmond,101
ljreaux,101
Michael-A-Kuykendall,101
runtime-org,101
shm11C3,101
alexqqqqqq777,101
nomandhoni-cs,101
mikeckennedy,101
matthias-wright,101
arthurhenrique,101
LatentDream,101
ow-mods,101
l1xnan,101
acarl005,101
dialoguemd,101
pietrobassi,101
mohammadmansour200,101
Akylas,101
lencx,101
cablehead,101
enassi,101
linka-app,101
rednafi,101
dwall-rs,101
impierce,101
harana,101
naaive,101
opensourcecheemsburgers,101
br3ndonland,101
iohzrd,101
MatsDK,101
AbianS,101
Invictify,101
leosussan,101
fosslife,101
python-gino,101
IndominusByte,101
madkote,101
saicem,101
skallfass,101
mmpneo,101
dunkbing,101
amrbashir,101
Recordscript,101
wyhaya,101
GregaVrbancic,101
zelytra,101
bitcart,101
vicanso,101
ku9nov,101
owasp-sbot,101
KM8Oz,101
FerrisMind,101
prostomarkeloff,101
KilleenCode,101
codeforreal1,101
hiltontj,101
geek-fun,101
Raicuparta,101
jexpe-apps,101
lzdyes,101
EastSun5566,101
trallnag,101
AR10Dev,101
sprout2000,101
ghost-him,101
JMBeresford,101
Rabbit-Company,101
mrjackwills,101
spacedriveapp,101
strawberry-graphql,101
SpikeHD,101
perdy,101
jacobsvante,101
HubertK05,101
wesdu,101
BeanieODM,101
dedSyn4ps3,101
pot-app,101
zxh3,101
G07cha,101
matthias-stemmler,101
melvinkcx,101
nhexirc,101
0-don,101
zhongweili,101
mjoblin,101
franciscoBSalgueiro,101
jamessizeland,101
BTMuli,101
laurentS,101
rclement,101
hcavarsan,101
tortoise,101
TunnlTo,101
AGeekInside,101
ljvmiranda921,101
syre-data,101
mdSilo,101
lesterhnu,101
RobertCraigie,101
KunalSin9h,101
Raphiiko,101
Gawdl3y,101
mfreeborn,101
charlesxsh,101
DeanWay,101
typed-sigterm,101
fastapi-users,101
hrzlgnm,101
marc2332,101
NicolaSpadari,101
Uninen,101
ahqsoftwares,101
0pandadev,101
spieglt,101
Buuntu,101
bali-framework,101
ecmel,101
Ignisor,101
Netflix,101
PasteBar,101
Gnarus-G,101
florimondmanca,101
jowilf,101
maximegris,101
kimlimjustin,101
MnlPhlp,101
elibroftw,101
intility,101
vutran1710,101
openscopeproject,101
GHGHGHKO,101
eightBEC,101
astrodon,101
freethinkel,101
pyropy,101
identixone,101
stephenhillier,101
zenoxs,101
smagafurov,101
Abdenasser,101
fastapi-admin,101
Taiizor,101
MrLightful,101
Brendonovich,101
JasperSui,101
AlexProgrammerDE,101
maxrdu,101
haideralsh,101
auto-wallpaper,101
s3rius,101
uhavin,101
exphert,101
snok,101
xgetter-team,101
alyalin,101
basharovV,101
polarsource,101
mdconaway,101
jellyfin,101
endless-r0ad,101
ilyaly,101
nsidnev,101
FPurchess,101
TheBlindM,101
holgi,101
mongodb-labs,101
DefGuard,101
fastapi-mvc,101
Alfredoes234,101
Gram-ax,101
Gitification-App,101
Ironclad,101
awkj,101
ferreira-tb,101
Verbcode,101
henrhie,101
taecontrol,101
oguzkaganeren,101
philipborg,101
keadex,101
markqiu,101
mrtolkien,101
zhbhun,101
dhextras,101
leonh,101
HuLaSpark,101
Muhammed-Rahif,101
0xfrankz,101
tokusumi,101
bewcloud,101
SeakMengs,101
uriyyo,101
amisadmin,101
pwltr,101
ustaxes,100
koxudaxi,100
CapSoftware,100
tw93,100
btpf,100
fastrepl,100
aminalaee,100
koldakov,100
kkoomen,100
gethopp,99
openapi-generators,99
sindresorhus,94
pallets,47
jazzband,45
google,34
codewithsadee,31
ollama,29
django,28
python,28
dbcli,27
psf,27
SumilSuthar197,22
astral-sh,22
ShashankGupta10,21
Team-HEVC,20
facebook,20
BismeetSingh,19
arnavsaxena17,19
farhank9821,19
ninadblog,19
ghadegaurav,19
Hiral25p,19
bhusawant,19
TSECGeeks,19
pyeve,18
Pylons,18
pyca,18
django-haystack,18
facebookresearch,18
grantjenks,18
python-excel,18
Suor,18
mozilla,18
mitsuhiko,18
benfred,18
gruns,18
beetbox,18
miracle2k,18
mongodb,18
davidhalter,18
boppreh,18
ionelmc,18
marshmallow-code,18
getsentry,18
PyMySQL,18
spotify,16
twisted,16
vinta,16
timofurrer,16
simonw,16
openai,15
TheAlgorithms,13
Emosans,12
pytorch,11
realpython,11
pallets-eco,10
joke2k,10
pydantic,10
linkedin,10
asweigart,10
Alir3z4,10
cookiecutter,10
pymatting,10
mindsdb,10
keon,10
amoffat,10
humiaozuzu,10
numba,10
pypa,10
dfunckt,9
dmlc,9
micropython,9
python-mode,9
PySimpleGUI,9
eliben,9
benavlabs,9
iwpnd,9
gotcha,9
keleshev,9
pybuilder,9
pyparsing,9
isnowfy,9
andialbrecht,9
0rpc,9
aboSamoor,9
daviddrysdale,9
mhammond,9
PrefectHQ,9
ronaldoussoren,9
pyinfra-dev,9
h2oai,9
josephmisiti,9
dask,9
Manisso,9
django-cache-machine,9
madmaze,9
jeffknupp,9
patx,9
mymarilyn,9
pudo,9
pgjones,9
hi-primus,9
Kozea,9
Maratyszcza,9
jet-admin,9
martinblech,9
pwaller,9
paramiko,9
modoboa,9
Bogdanp,9
emcconville,9
planetopendata,9
ZoomerAnalytics,9
getpelican,9
fogleman,9
gorakhargosh,9
codelucas,9
bpython,9
platformio,9
WhyNotHugo,9
dbader,9
prabhupant,9
PyCQA,9
mitmproxy,9
dateutil,9
sympy,9
ChristosChristofidis,9
jorgenschaefer,9
chapmanb,9
ahupp,9
pyinvoke,9
benhamner,9
glamp,9
codeinthehole,9
noxrepo,9
python-rope,9
MasoniteFramework,9
gawel,9
kevin1024,9
chriskiehl,9
SciTools,9
Supervisor,9
gunnery,9
datafolklabs,9
jmcnamara,9
libAudioFlux,9
jab,9
laixintao,9
moggers87,9
dahlia,9
amitt001,9
fighting41love,9
python-greenlet,9
schematics,9
lericson,9
ellisonleao,9
django-tastypie,9
nvbn,9
rq,9
python-happybase,9
lk-geimfari,9
quantopian,9
elastic,9
dhamaniasad,9
flask-restful,9
davidaurelio,9
fabric,9
librosa,9
buriy,9
pyglet,9
ScrapeGraphAI,9
michaelhelmick,9
dpkp,9
pytoolz,9
pyinstaller,9
keunwoochoi,9
faif,9
mwaskom,9
saffsd,9
jfkirk,9
Delgan,9
CleanCut,9
dashingsoft,9
ajenti,9
cobrateam,9
fly-apps,9
boto,9
DLR-RM,9
scanny,9
nvdv,9
prompt-toolkit,9
gabrielfalcao,9
pythonnet,9
fengsp,9
pdfminer,9
TkTech,9
lepture,9
derek73,9
jendrikseipp,9
bokeh,9
canonical,9
bbangert,9
tensorflow,9
nficano,9
AtsushiSakai,9
mobolic,9
abhiTronix,9
deanmalmgren,9
napalm-automation,9
kiddouk,9
python-openxml,9
marrow,9
mahmoud,9
eventlet,9
crossbario,9
SmileyChris,9
benedekrozemberczki,9
django-compressor,9
ryanmcgrath,9
oauthlib,9
flask-api,9
python-rapidjson,9
sanic-org,9
SCons,9
devpi,9
Textualize,9
mingrammer,9
s3tools,9
sdispater,9
copier-org,9
dry-python,9
getnikola,9
metawilm,9
pytransitions,9
libvips,9
emirozer,9
pymssql,9
chardet,9
pylint-dev,9
feincms,9
kootenpv,9
quodlibet,9
matplotlib,9
robinhood,9
maxcountryman,9
mailgun,9
psycopg,9
lektor,9
python-pillow,9
html5lib,9
lincolnloop,9
markusschanta,9
DmytroLitvinov,9
lyst,9
py2exe,9
django-guardian,9
martinrusev,9
TomNicholas,9
lancopku,9
zopefoundation,9
klen,9
jpadilla,9
redis,9
jiaaro,9
Lightning-AI,9
python-trio,9
mininet,9
HBNetwork,9
dabeaz,9
mozillazg,9
benoitc,9
IronLanguages,9
openstack,9
lorien,9
python-jsonschema,9
dylanaraps,9
nicfit,9
miso-belica,9
FactoryBoy,9
buildout,9
gevent,9
josephreisinger,9
nucleic,9
clips,9
MongoEngine,9
evhub,9
cdgriffith,9
pyexcel,9
locustio,9
magenta,9
MechanicalSoup,9
keras-team,9
peterbrittain,9
alecthomas,9
Parisson,9
patrys,9
vimalloc,9
pricingassistant,9
NicolasHug,9
apache,9
borgbackup,9
nose-devs,9
fxsjy,9
ibayer,9
gleitz,9
httpie,9
justquick,9
PetrochukM,9
wagtail,9
robotframework,9
scottrogowski,9
inducer,9
DiffSK,9
carlosescri,9
pyenv,9
geopy,9
burnash,9
Instagram,9
aizvorski,9
elapouya,9
maciejkula,9
Theano,9
kurtmckee,9
Tencent,9
jschneier,9
python-attrs,9
HypothesisWorks,9
rsalmei,9
hugapi,9
pyqtgraph,9
cython,9
mindflayer,9
ovalhub,9
mher,9
indico,9
openembedded,9
ansible,9
giampaolo,9
Cornices,9
has2k1,9
moses-palmer,9
msiemens,9
arrow-py,8
spyder-ide,8
stanfordnlp,8
pennersr,8
vispy,8
sqlalchemy,8
thauber,8
skorokithakis,8
tylerlaberge,8
sqlmapproject,8
spulec,8
stephenmcd,8
thumbor,8
zappa,8
tqdm,8
saltstack,8
sebastien,8
typeddjango,8
selwin,8
un33k,8
falconry,8
JaidedAI,8
sloria,8
trustedsec,8
unoconv,8
stchris,8
tartley,8
scrapy,8
tayllan,8
wooey,8
worldveil,8
urllib3,8
streamlit,8
shahraizali,8
secdev,8
sehmaschine,8
wsvincent,8
uralbash,8
sergree,8
tornadoweb,8
wireservice,8
ziadoz,8
tyiannak,8
tmux,8
seatgeek,8
statsmodels,8
tmux-python,8
sunainapai,8
tschellenbach,8
sirfz,7
sorrycc,7
tusharnankani,6
mlabonne,6
apple,6
deepseek-ai,6
cs50,6
MAMTA137,6
google-gemini,5
Altafalam3,5
anthropics,5
SirusCodes,4
imteekay,4
shagun6093,4
reflex-dev,4
openclimatefix,4
HarshKapadia2,4
hritik2002,3
unslothai,3
apify,3
frappe,3
bytedance,3
adrianhajdin,3
supermemoryai,3
vercel,3
LSPosed,3
huggingface,3
ChrisTitusTech,2
fontseca,2
SiddhantDembi,2
juspay,2
google-ai-edge,2
aandrew-me,2
dush1729,2
lalit2005,2
googleapis,2
code100x,2
arshzip,2
blenderskool,2
znsio,2
SebiAi,2
timescale,2
adi790uu,2
AbhinavNaman,2
divyashah0510,2
bromite,2
sugarlabs,2
github,2
sarthak0714,2
KlausMikhaelson,2
3b1b,2
justsaumit,2
sohzm,2
SafeExamBrowser,2
antiwork,2
kiwibrowser,2
tailwindlabs,2
patrickloeber,2
JadenFurtado,2
JayeshVP24,2
ufal,2
dheerajdlalwani,2
Djdefrag,2
SwatiSTiwari,2
ThioJoe,2
permissionlesstech,2
Snapchat,2
t3-oss,2
fossunited,2
freeCodeCamp,2
anuraghazra,2
LAKSH3002,2
razorpay,2
tursodatabase,2
nuxt,2
xtekky,2
codemirror,2
zerodytrash,2
ghuntley,2
PrajwalDhule,2
DataTalksClub,2
hkirat,2
zernonia,2
AbhigyanBafna,2
Nishith-Savla,2
cjpais,2
EvanZhouDev,2
rust-lang,2
resemble-ai,2
run-llama,2
Runixe786,2
krishnaik06,2
ashishps1,2
bluesky-social,2
Nutlope,2
twitter,2
FFmpeg,2
cloudflare,2
yokoffing,2
PhialsBasement,2
SaketThota,2
akshayrathod205,2
kausthub-kannan,2
sridhar-sp,2
riti2409,2
ashwinexe,2
OpenBMB,2
awslabs,2
PrathamKumar14,2
ossu,2
ading2210,1
free-domains,1
firstcomdigital,1
build-on-aws,1
kilimchoi,1
rdbende,1
ryoppippi,1
pyscript,1
infiniflow,1
manishbisht,1
polymorphicshade,1
BetterTyped,1
Prat011,1
ihmpavel,1
bmild,1
Genymobile,1
react-native-elements,1
Olow304,1
mifi,1
modular,1
Datalux,1
censored1948,1
zed-industries,1
rachitiitr,1
engineer-man,1
korewaChino,1
tamhoang1412,1
Adit0507,1
avinash201199,1
federico-busato,1
m-bain,1
fredericojordan,1
iBotPeaches,1
jamesmontemagno,1
tailark,1
Shopify,1
petermg,1
aradzie,1
akarsh1995,1
Manjunath0408,1
Aider-AI,1
srbhr,1
davidarroyo1234,1
c2siorg,1
badmojr,1
simplescaling,1
faizanxmulla,1
ingbrzy,1
trailofbits,1
ekakshjanweja,1
nodejs,1
jankapunkt,1
stanford-futuredata,1
arshad-yaseen,1
adityaoberai,1
steven2358,1
Abhinandan-Khurana,1
LargeWorldModel,1
madeindjs,1
codecrafters-io,1
langflow-ai,1
bipinkrish,1
Aarif123456,1
CasperVerswijvelt,1
archcraft-os,1
ospfranco,1
Dapunta,1
Olivr,1
meilisearch,1
MarcTheSpark,1
Samsung,1
isanchop,1
askrella,1
woj-ciech,1
ml-explore,1
Ayush170-Future,1
privacytests,1
ionic-team,1
machiav3lli,1
31b4,1
zerotrac,1
codersguild,1
a-h,1
erikwiffin,1
getumbrel,1
avelino,1
expo,1
papers-we-love,1
subhashchy,1
hermannheringer,1
NirantK,1
upscayl,1
adriantwarog,1
wshobson,1
annabelsandford,1
groq,1
HKUDS,1
twentyhq,1
langchain-ai,1
judge0,1
postmanlabs,1
eythaann,1
eddiewebb,1
SwishHQ,1
tomer8007,1
mistralai,1
AUTOMATIC1111,1
eriklindernoren,1
flutter,1
fabrik42,1
Gauthamjm007,1
DandelionSprout,1
adithya-s-k,1
manoharreddyporeddy,1
zlib-ng,1
swapnakpanda,1
MokshitSurana,1
sentient-engineering,1
kubernetes,1
pixelfed,1
shashankrustagi,1
Akascape,1
fffaraz,1
vasanthk,1
vanna-ai,1
azahar-emu,1
bchiang7,1
yxshv,1
RunaCapital,1
NeoApplications,1
fossology,1
gptscript-ai,1
AntonOsika,1
T8RIN,1
remotion-dev,1
ArchiveBox,1
siyuan-note,1
vfsfitvnm,1
rtyley,1
bitcoin,1
mitul-s,1
european-summer-of-code,1
Charmve,1
miguelgrinberg,1
gskinnerTeam,1
Narsil,1
rashid642,1
cncf,1
shantanuparabumd,1
InterviewReady,1
Dheerajmadhukar,1
kautukkundan,1
iamsabbirsobhani,1
backspacetg,1
jmbannon,1
liquidslr,1
karan,1
openpcc,1
aforensics,1
modelcontextprotocol,1
raihankhan-rk,1
K3V1991,1
wandb,1
vacisdev,1
abint7,1
aipotheosis-labs,1
stanford-oval,1
firecrawl,1
cynthia,1
HermanMartinus,1
valkey-io,1
abhijithvijayan,1
DarshilMarathe,1
whoozle,1
not-an-aardvark,1
xizhang20181005,1
RNAdvani,1
tomerfiliba-org,1
Xposed-Modules-Repo,1
smol-ai,1
patzly,1
perrypixel,1
danny-avila,1
maguowei,1
SpotX-Official,1
unclecode,1
ioi,1
public-apis,1
floating-ui,1
open-domains,1
Impact-I,1
arronhunt,1
briehq,1
wa0x6e,1
ente-io,1
denysdovhan,1
neetcode-gh,1
satnaing,1
eswd04,1
TSEC-MAD-Club,1
oppia,1
jekyll,1
upstash,1
Domi04151309,1
Hacker0x01,1
usebruno,1
PostgREST,1
anirudhakulkarni,1
sandino63,1
open-draft,1
osdc,1
ohyicong,1
toon-format,1
tandpfun,1
jesseduffield,1
AGI-Edgerunners,1
best-of-lists,1
angkul07,1
jeet-dekivadia,1
nashsu,1
trungdq88,1
us-udacity,1
Zlvsky,1
ImKKingshuk,1
themeselection,1
xitanggg,1
AI4Finance-Foundation,1
KathanP19,1
yash0530,1
EddieHubCommunity,1
Pixelkit,1
adityatelange,1
tinygrad,1
vitalik,1
dmno-dev,1
kefir500,1
langgenius,1
kneasle,1
CSwala,1
yorukot,1
strazzere,1
mehotkhan,1
dillionverma,1
mr-karan,1
joho,1
henrythe9th,1
T0biasCZe,1
Stability-AI,1
carbon-app,1
yashsehgal,1
privacytools,1
atlassian,1
dishapatel010,1
himahuja,1
hackclub,1
knownsec,1
CerritusCodersComm,1
ventoy,1
cloudcommunity,1
adrcotfas,1
tramlinehq,1
25huizengek1,1
arpit456jain,1
rasbt,1
anasty17,1
harvard-edge,1
golang,1
rpgeeganage,1
r0x0r,1
Rudrani26,1
altstoreio,1
SammanSarkar,1
IceWhaleTech,1
adap,1
mgechev,1
aryankashyap7,1
jackyzha0,1
barryclark,1
InstaPy,1
megablazikenabhishek,1
DavidHDev,1
varunvasudeva1,1
vaphes,1
you-apps,1
Bhupesh-V,1
ThomasRinsma,1
abh80,1
wtfaremyinitials,1
recnac-itna,1
Qalculate,1
GoogleChromeLabs,1
supabase,1
datalab-to,1
IBM,1
Yutaka-Sawada,1
grammarly,1
cinit,1
walkccc,1
windirstat,1
download-directory,1
Yuyz0112,1
asyncapi,1
theja-m,1
CodingChallengesFYI,1
maxchehab,1
HamishMW,1
yizheng1709,1
wingkwong,1
hackercouch,1
meodai,1
kamranahmedse,1
algorithmicsuperintelligence,1
MlgmXyysd,1
ardiereally,1
cohere-ai,1
DeveloperDowny,1
florent37,1
paurakhsharma,1
AryanS88,1
ubaltaci,1
Fosowl,1
p8952,1
ShyrenMore,1
floguo,1
AnthonyByansi,1
kdn251,1
ababinet,1
jimmc414,1
multi-swe-bench,1
malmeloo,1
mui,1
lyogavin,1
nomic-ai,1
TeamNewPipe,1
mlc-ai,1
CalebCurry,1
piratemoo,1
zai-org,1
Mail-0,1
mozilla-firefox,1
feder-cr,1
pyodide,1
CircuitVerse,1
airbnb,1
algorithmica-org,1
picocss,1
Simatwa,1
JuliaLang,1
ChartsCSS,1
trentm,1
once-ui-system,1
SamyPesse,1
sparckles,1
shreyagopal,1
laylavish,1
f,1
Magisk-Modules-Repo,1
brenfrrs,1
gitui-org,1
MaanasSehgal,1
beibuwandeluori,1
linexjlin,1
AndnixSH,1
vaibhavpandeyvpz,1
corecoding,1
BhaveshKukreja29,1
martinellich,1
twbs,1
adenta,1
EmilyShepherd,1
WindChat-Link,1
ZenPrivacy,1
gorhill,1
Kikobeats,1
getzola,1
elkorf,1
jakegut,1
cp-algorithms,1
Florian-Barthel,1
prasad1909,1
leoMirandaa,1
stackblitz,1
namidaco,1
Upsonic,1
Dineshkarthik,1
aclap-dev,1
RajSolai,1
Stirling-Tools,1
sihaelov,1
jundymek,1
NVNTLabs,1
VipinindKumar,1
mr-rizwan-syed,1
aditya172001,1
wilix-team,1
blackhatinside,1
567-labs,1
langgptai,1
ajeetdsouza,1
halfrost,1
gsoc-cn,1
safzanpirani,1
GrapheneOS,1
KittenML,1
aboutcode-org,1
Leader-board,1
erenkabakci,1
Niez-Gharbi,1
COPS-IITBHU,1
abishekAshukla,1
byrantech,1
wiwa1978,1
j-hc,1
mustafaaljadery,1
X1nto,1
rickyzhangca,1
johnbean393,1
noirbizarre,1
xx025,1
sudiptab2100,1
fmaclen,1
hardikvasa,1
freeman-jiang,1
Jay4Codes,1
deniscerri,1
Anniepoo,1
reiryuki,1
GorvGoyl,1
koreader,1
loveBabbar,1
avgupta456,1
gotray,1
Aldeshov,1
INF1NUM,1
trekhleb,1
Kyome22,1
oven-sh,1
fragglet,1
markets,1
lobehub,1
TryGhost,1
SamirPaulb,1
KrishKrosh,1
daveshap,1
aizquier,1
KreakEmp,1
codinasion,1
open-compass,1
ellipse-software,1
2tanayk,1
marcomq,1
toeverything,1
LuisaE,1
jlowin,1
Sakion-Team,1
codezonediitj,1
yoavg,1
marcoagner,1
ArtifexSoftware,1
voidranjer,1
massgravel,1
opentofu,1
novuhq,1
vivekagal1998,1
sumimakito,1
signalapp,1
PaddlePaddle,1
abi,1
jhlee0409,1
ajaxray,1
Aashishkumar123,1
encoredev,1
1rgs,1
Erfan-Asadi,1
yashbhangale,1
n3d1117,1
Significant-Gravitas,1
jwasham,1
FabioBaroni,1
SwagSoftware,1
APKLab,1
missing-semester,1
pawelsalawa,1
localstack,1
SYSTRAN,1
codinasion-archive,1
Shubhamsaboo,1
afshinea,1
jpmorganchase,1
snehasishroy,1
NVIDIA,1
SharukhGV,1
htop-dev,1
mufeedvh,1
DataExpert-io,1
paarth-arkadi,1
akhilkammila,1
trpc,1
therecipe,1
mkrl,1
ghostty-org,1
siavash79,1
gohugoio,1
pickle-com,1
ethanchewy,1
datavorous,1
gsoni1,1
Shabinder,1
gosub-io,1
Abusayid693,1
BartoszJarocki,1
ericdrowell,1
binbard,1
mastodon,1
DarkWool,1
j4wg,1
lao4j,1
will-stone,1
sensepost,1
Zie619,1
rudradesai200,1
aishwaryanr,1
meta-llama,1
ni554n,1
reactive-python,1
ferdium,1
aartaka,1
charlax,1
moja-global,1
Atlas-OS,1
TakshashilaInst,1
fspv,1
Avaiga,1
geshan,1
LOLIPOP-INTELLIGENCE,1
mathialo,1
Schweinepriester,1
PeterKwesiAnsah,1
adixmr,1
MihaiCristianCondrea,1
wailsapp,1
Tichau,1
LeetSync,1
punkpeye,1
excalidraw,1
MisterBooo,1
grpc-ecosystem,1
pyfbsdk59,1
fingerprintjs,1
NothingOSS,1
TrainingByPackt,1
sallar,1
ncjpr04,1
ekaranjaa,1
Swordfish90,1
shadps4-emu,1
domferr,1
mediumkreation,1
kokasmark,1
kermage,1
GeneralMills,1
aiplanethub,1
iina,1
atlanhq,1
mrkrsl,1
coollabsio,1
aniyomiorg,1
SWE-agent,1
yt-dlp,1
Nikunjmistry22,1
shukraditya,1
cameri,1
Cobenian,1
LogNet,1
JohannesKaufmann,1
AatmikJain,1
zxing,1
yonnies,1
continuedev,1
JunkFood02,1
DSC-VJTI,1
TheAirBlow,1
smallest-inc,1
bddicken,1
FofaInfo,1
docker-library,1
PrithivirajDamodaran,1
rajput-hemant,1
offici5l,1
Dark-Kernel,1
l1npengtul,1
ripienaar,1
sunarya-thito,1
camenduru,1
Serenity0204,1
sunithvs,1
cesar19004,1
pnd280,1
Martichou,1
di-sukharev,1
heyform,1
Vonter,1
MunGell,1
kubearmor,1
Kaustubh-Natuskar,1
Raphire,1
grafana,1
robinmoisson,1
tweepy,1
numandev1,1
Melkeydev,1
mintlify,1
Cryptogenic,1
freelabz,1
hemansnation,1
kucherenko,1
alectrocute,1
madushadhanushka,1
kanuarj,1
Skycoder42,1
clockworklabs,1
hacksider,1
mdn,1
abdulrcs,1
gitwitorg,1
OpenGVLab,1
WinMerge,1
jamiebuilds,1
open-webui,1
batuhanbilginn,1
KRTirtho,1
zauberzeug,1
yuliskov,1
matiassingers,1
web3templates,1
tarampampam,1
Portkey-AI,1
dpgaspar,1
OpenBB-finance,1
deepdoctection,1
heilcheng,1
dipakkr,1
DataArcTech,1
oscar0812,1
jixserver,1
vivekpal1,1
vietnh1009,1
rbenv,1
qbittorrent,1
practical-tutorials,1
krlvm,1
FujiwaraChoki,1
stitionai,1
aaryanrr,1
SAWARATSUKI,1
spo0ds,1
obsproject,1
genieincodebottle,1
initstring,1
LadybirdBrowser,1
Snbig,1
AndroidIDEOfficial,1
PacktPublishing,1
ksm26,1
TNTwise,1
collabora,1
kevinanielsen,1
rand-net,1
Nothing-Developer-Programme,1
serhii-londar,1
MysteryVaibhav,1
janhq,1
dnaprawa,1
grishka,1
prateekv2003,1
parallax,1
Reason-Wang,1
rtCamp,1
Honest-Hire,1
siddharthsky,1
henriquesebastiao,1
optionalg,1
hastagAB,1
CheckPointSW,1
haoel,1
Alone0316,1
Ramjonchhen,1
wiz64,1
LeetCode-OpenSource,1
Brandonio-c,1
armankhondker,1
TheBlewish,1
jxareas,1
dzhng,1
shakacode,1
OthersideAI,1
Clueless-Community,1
kognise,1
mastermunj,1
mozilla-ai,1
piotrkulpinski,1
cocktailpeanut,1
genai-handbook,1
guildxyz,1
carpedm20,1
chaitanya0305,1
suyash-purwar,1
D-codE-Hub,1
infosecB,1
gradio-app,1
eKoopmans,1
JonnyBanana,1
trackawesomelist,1
gibsjose,1
gauravagrwal,1
jonasstrehle,1
dan5py,1
GokuMohandas,1
Nekmo,1
sigoden,1
wdhdev,1
gee-community,1
chinchang,1
Tshadowburn,1
ManavMehta-Official,1
is-amazing,1
oracle,1
whatotter,1
autoscrape-labs,1
Ignitetechnologies,1
SawyerHood,1
zen-browser,1
neuphonic,1
lydiahallie,1
topgrade-rs,1
skills,1
AllThingsSmitty,1
dipjul,1
codebasics,1
proj-at,1
FourCoreLabs,1
mem0ai,1
christabor,1
boltgolt,1
cblgh,1
johang,1
rails,1
nolesapex,1
justdeleteme,1
auth0,1
greasemonkey,1
doczjs,1
nordmarin,1
so-sc,1
QuantumByteStudios,1
containerd,1
cheran-senthil,1
meshery,1
is-cool-me,1
imWildCat,1
ShreyaKamath09,1
argmaxinc,1
NexaAI,1
AlexBSoft,1
khushimehta24,1
youssefHosni,1
tiimgreen,1
spike0en,1
sherlock-project,1
ayush5harma,1
zephyrproject-rtos,1
vaibhav31s,1
lrh2000,1
dkrivoruchko,1
requestly,1
khast3x,1
OpenAutoCoder,1
raymanfx,1
mannekeenpis,1
daya0576,1
Python-Markdown,1
spring-projects,1
AkashSingh3031,1
patchy631,1
poteto,1
SeleniumHQ,1
taranjeet,1
Sanakan8472,1
systemdesignfightclub,1
ByteByteGoHq,1
vllm-project,1
OS-Copilot,1
gto76,1
wseagar,1
wilsonzlin,1
AmruthPillai,1
Py-Contributors,1
magicuidesign,1
kallaway,1
tanmoysrt,1
saipranay47,1
speedyapply,1
CRED-CLUB,1
Lissy93,1
mdbootstrap,1
Cinnamon,1
kunalx86,1
alfaarghya,1
BerriAI,1
ALucek,1
dailydotdev,1
VicodinAbuser,1
ask0ldd,1
danielgatis,1
spipm,1
Rolstenhouse,1
cline,1
Runtime-Terror-NFC,1
MiCode,1
subinps,1
jadechoghari,1
njraladdin,1
Chalarangelo,1
zenfyrdev,1
ItIsMeCall911,1
vedic-lang,1
goenning,1
JimmyLv,1
vsp4,1
btw-so,1
numpy,1
MISP,1
techwithtim,1
browserbase,1
naklecha,1
Kong,1
zerodha,1
zurawiki,1
lookscanned,1
ibraheemdev,1
google-deepmind,1
udacity,1
nuxt-content,1
lharries,1
training-mode,1
ParisNeo,1
nk-o,1
kleampa,1
trycua,1
ggml-org,1
pawanjenu,1
OpenHands,1
dgtlmoon,1
TeamPiped,1
bens-schreiber,1
onecompiler,1
hsnice16,1
kuutsav,1
event-driven-io,1
prisma,1
wkentaro,1
ProtonMail,1
anthdm,1
scottyab,1
Likenttt,1
tautcony,1
jabbalaci,1
mrdbourke,1
x1xhlol,1
pocketbase,1
Qiskit,1
RitikPatni,1
laurocaetano,1
nishantwrp,1
bowser-js,1
codemagic-ci-cd,1
drawdb-io,1
langfuse,1
meetalik8,1
flameshot-org,1
QwenLM,1
darrenburns,1
libjpeg-turbo,1
mohammad-ghaderi,1
cachix,1
gslxr,1
sigma67,1
MetaCubeX,1
peterlamar,1
fuergaosi233,1
JoyalAJohney,1
kakawait,1
OpenCut-app,1
niinpatel,1
farzaa,1
glomatico,1
LIJI32,1
krishnadey30,1
kunal-kushwaha,1
Elanis,1
leonboe1,1
harismuneer,1
pytauri,1
Zomato,1
everydaycodings,1
tdewolff,1
fayazara,1
dockur,1
AikidoSec,1
HeroTools,1
thedev-id,1
juliangarnier,1
codedex-io,1
mainmatter,1
mikesprague,1
QasimWani,1
paralleldrive,1
typefully,1
tldr-devops,1
themesberg,1
cdbaca,1
mohitmishra786,1
docling-project,1
gptme,1
MODSetter,1
FoundationAgents,1
MobSF,1
gdgc-ace,1
realvjy,1
AstraExt,1
offa,1
Alkaison,1
Ruben2776,1
n0a,1
kuchin,1
QuivrHQ,1
starandtina,1
termux,1
damasamirulkarim,1
OmkarPathak,1
krausest,1
leonardomso,1
daveearley,1
buildwithmalik,1
hritik5102,1
proghead00,1
keploy,1
viveknamaye,1
JeffersonYu1,1
StevenBlack,1
CorentinJ,1
LibrePhotos,1
n3a9,1
blazickjp,1
CibiAananth,1
Octet3290,1
ShastraOS,1
checkstyle,1
kafbat,1
itsjavi,1
prometheus,1
StarsfieldAI,1
technovangelist,1
pymupdf,1
carloscuesta,1
dubinc,1
OpenTalker,1
pynvme,1
nomi811,1
donnemartin,1
hiteshchoudhary,1
DenverCoder1,1
ytdl-org,1
EbookFoundation,1
yeongpin,1
andrewyng,1
wasp-lang,1
Fission-AI,1
helix-editor,1
xai-org,1
project-gauntlet,1
universal-tool-calling-protocol,1
practicajs,1
thoqbk,1
hxu296,1
mihikagaonkar,1
hridayK,1
plbrault,1
astroncc,1
localsend,1
Wyattwalls,1
hkdobrev,1
Homebrew,1
tfredrich,1
MCPJam,1
chartdb,1
Multiwoven,1
ElderDrivers,1
JacobLinCool,1
ayushi-b,1
ax,1
Dr-TSNG,1
nikitasius,1
FuccDucc,1
MoonshotAI,1
ddworken,1
AnasImloul,1
sauravhathi,1
agranya99,1
ObservedObserver,1
SimonCropp,1
Redocly,1
RVC-Boss,1
TomSchimansky,1
tobychui,1
2-fly-4-ai,1
conductor-oss,1
b001io,1
Chirag-And-Dheeraj,1
gBasil,1
PabloMK7,1
Milansuman,1
ed-donner,1
Vendicated,1
apivideo,1
mshumer,1
sdmg15,1
TheOdinProject,1
khoj-ai,1
PriontoAbdullah,1
hiyouga,1
ml-tooling,1
ZathuraDbg,1
gabrielgodoy-zz,1
parubok,1
audacity,1
Open-Deep-ML,1
iTaysonLab,1
Doriandarko,1
BlankSourceCode,1
intentee,1
vasusen-code,1
Trae-AI,1
ruby,1
exo-explore,1
eclipse-sw360,1
slgobinath,1
ItzCrazyKns,1
pontusab,1
PokeAPI,1
naptha,1
bhavul,1
authlib,1
hak5,1
shushrutsharma,1
DiceDB,1
ibelick,1
endingwithali,1
Acrofil,1
ntdevlabs,1
filecxx,1
jnsahaj,1
SSRTDevs,1
files-community,1
theodorusclarence,1
cookiecutter-flask,1
race2infinity,1
rsms,1
buridan-ui,1
lukasz-madon,1
kazuhikoarase,1
KartikLabhshetwar,1
dataease,1
thiswillbeyourgithub,1
sukritishah15,1
fynnfluegge,1
stratumauth,1
hack4impact,1
yangshun,1
Schwartzblat,1
SevaSk,1
browser-use,1
iammanish17,1
zeelog,1
QuentinFuxa,1
MarveleE,1
AKhilRaghav0,1
ihasdapie,1
Kristories,1
Moustachauve,1
nawed2611,1
NicholasDawson,1
afreakyelf,1
brownan,1
hzqst,1
0x192,1
WeMakeDevs,1
Kingsman44,1
lifeparticle,1
sumitkolhe,1
animate-css,1
navidrome,1
zylon-ai,1
LelouchFR,1
thienlongtran,1
readtedium,1
abhi16180,1
tattle-made,1
NielsRogge,1
Platane,1
httptoolkit,1
raymin0223,1
AppFlowy-IO,1
