target_repo,attacks
kuyoonjo/tauri-plugin-mqtt,101
persiliao/brew-services-manage,101
sabuhish/fastapi-mail,101
fastapi-admin/fastapi-admin,101
Levminer/cores,101
dubisdev/trayfier,101
ahkohd/tauri-macos-menubar-app-example,101
JonasKruckenberg/tauri-plugin-graphql,101
acarl005/toerings,101
Charlie-XIAO/tauri-plugin-desktop-underlay,101
zeet2020/wallpaper-changer-tauri,101
enassi/enassi,101
dwall-rs/dwall,101
madkote/fastapi-plugins,101
arthurhenrique/cookiecutter-fastapi,101
auto-wallpaper/auto-wallpaper,101
piccolo-orm/piccolo_examples,101
pot-app/pot-desktop,101
opensourcecheemsburgers/ubiquity,101
harana/search,101
ayangweb/tauri-plugin-screenshots,101
egbakou/coronavirus-tg-api,101
HuakunShen/tauri-astro-template,101
BeeMyDesk/prerender-python-starlette,101
leosussan/fastapi-gino-arq-uvicorn,101
LatentDream/watson.ai,101
ahqsoftwares/tauri-ahq-store,101
cs01/termpair,101
kthwaite/fastapi-websocket-broadcast,101
ZaneH/metronome,101
melvinkcx/fastapi-events,101
basharovV/musicat,101
meel-hd/lofi-engine,101
dannysmith/astro-editor,101
deid84/tauri-sveltekit-admin-template,101
ChristianPavilonis/tauri-htmx-extension,101
BTMuli/TeyvatGuide,101
dubisdev/runmath,101
rednafi/fastapi-nano,101
anthonycorletti/firestore-fastapi,101
Synaptrix/ChatGPT-Desktop,101
br3ndonland/inboard,101
comeuplater/fastapi_cache,101
HuakunShen/tauri-nuxt-template,101
HuakunShen/tauri-plugin-system-info,101
authorizon/fastapi_websocket_pubsub,101
acidjunk/starlette-opentracing,101
HuakunShen/devclean,101
cablehead/stacks,101
kunkunsh/kkrpc,101
tarsil/saffier,101
zxh3/kianalol,101
shm11C3/HardwareVisualizer,101
dialoguemd/fastapi-sqla,101
lifecoder1988/tauri-watch-coin,101
Netflix/dispatch,101
Snailedlt/Markdown-Videos,101
thewh1teagle/mobslide,101
mmpneo/curses,101
JonasKruckenberg/tauri-rescript-template,101
henrhie/tauri-react-parcel-template,101
tortoise/aerich,101
thewh1teagle/happy,101
impierce/identity-wallet,101
Gawdl3y/Resolute,101
yezz123/fastango,101
GHGHGHKO/dalgona,101
kr5hn4/tranzit,101
mirzadelic/fastapi-starter-project,101
timfish/sentry-tauri,101
pyropy/fastapi-socketio,101
linka-app/linka,101
BigIskander/Handwriting-keyboard-for-Linux-tesseract,101
uriyyo/fastapi-pagination,101
stephenhillier/starlette_exporter,101
breadthe/sd-buddy,101
rome-user/tauri-clojurescript-template,101
kayak/pypika,101
matthias-stemmler/annimate,101
OneKeePass/desktop,101
zhbhun/rmbg,101
danielhasan1/fastapi-listing,101
blueswen/fastapi-observability,101
CanopyTax/asyncpgsa,101
florimondmanca/msgpack-asgi,101
tauri-apps/window-vibrancy,101
mongodb-labs/full-stack-fastapi-mongodb,101
Web3-Builders-Alliance/soda,101
franciscoBSalgueiro/en-croissant,101
EastSun5566/hackdesk,101
bitcart/bitcart,101
tauri-apps/plugins-workspace,101
kimlimjustin/xplorer,101
encode/databases,101
vicanso/cyberapi,101
probablykasper/remind-me-again,101
elibroftw/modern-desktop-app-template,101
maximegris/angular-tauri,101
Tormak9970/Steam-Art-Manager,101
geek-fun/dockit,101
max-pfeiffer/uvicorn-poetry,101
apitally/apitally-py,101
astrodon/astrodon,101
mjoblin/punytunes,101
fastapi-users/fastapi-users,101
lesterhnu/clipboard,101
zhanglun/pavo,101
s00d/tauri-plugin-serialplugin,101
kuyoonjo/tauri-plugin-udp,101
IndominusByte/fastapi-jwt-auth,101
0-don/clippy,101
Ironclad/rivet,101
fastapiutils/fastapi-utils,101
keadex/keadex,101
Buuntu/fastapi-react,101
ahkohd/tauri-macos-spotlight-example,101
Alfredoes234/tauri-preact-rsbuild-template,101
Gitification-App/gitification,101
max-pfeiffer/uvicorn-poetry-fastapi-project-template,101
jonra1993/fastapi-alembic-sqlmodel-async,101
drl990114/MarkFlowy,101
ghost-him/ZeroLaunch-rs,101
typed-sigterm/deno-in-tauri,101
nashaofu/shell360,101
blinkospace/blinko,101
uhavin/slackers,101
Muhammed-Rahif/Notpad,101
pilgrimlyieu/Focust,101
samirdjelal/bidirectional,101
RoseBlume/Bishop-Tauri-Template,101
laurentS/slowapi,101
egoist/dropcode,101
nsidnev/fastapi-realworld-example-app,101
ljvmiranda921/sprites-as-a-service,101
spieglt/FlyingCarpet,101
GregaVrbancic/fastapi-celery,101
hiltontj/solars,101
eightBEC/fastapi-ml-skeleton,101
hcavarsan/kftray,101
HuakunShen/tauri-plugin-network,101
Tnze/ffxiv-best-craft,101
ycd/universities,101
samirdjelal/mail-dev,101
dubisdev/quickgpt,101
DeanWay/fastapi-versioning,101
upvpn/upvpn-app,101
CrossCopy/tauri-plugin-clipboard,101
adileo/squirreldisk,101
BeanieODM/beanie,101
sollambert/rust-full-stack-with-auth-template,101
anthonycorletti/astrobase,101
iohzrd/identia,101
polarsource/polar,101
TunnlTo/desktop-app,101
G07cha/pomodoro,101
HuLaSpark/HuLa,101
l1xnan/duckling,101
Gnarus-G/mynd,101
maxrdu/fastapi_login,101
PasteBar/PasteBarApp,101
nhexirc/nhex,101
mohammadmansour200/basset,101
mfreeborn/fastapi-sqlalchemy,101
ycd/manage-fastapi,101
exphert/TauriCS,101
amrbashir/vite-plugin-tauri,101
testdrivenio/fastapi-crud-sync,101
rajatkulkarni95/yack,101
ljreaux/meadtools-desktop,101
microsoft/cookiecutter-spacy-fastapi,101
markqiu/fastapi-mongodb-realworld-example-app,101
alexqqqqqq777/tauri-plugin-dragout,101
AkiraBit/PicSharp,101
prostomarkeloff/fastapi-tortoise,101
MrLightful/create-tauri-react,101
zhongweili/imagenie,101
dmontagu/fastapi-auth,101
wearrrrr/9Launcher,101
Uninen/tauri-vue-template,101
c2r0b/tauri-plugin-context-menu,101
skymen/tauri-vue-template,101
maldoinc/wireup,101
KunalSin9h/secops,101
kuyoonjo/tauri-plugin-tcp,101
lzdyes/douyin-downloader,101
saicem/tmus,101
awkj/stockman,101
runtime-org/runtime,101
jacobsvante/fastapi-security,101
jexpe-apps/jexpe,101
codeforreal1/compressO,101
jellyfin/jellyfin-vue,101
xgetter-team/xgetter,101
shixinhuang99/czkawka-tauri,101
max-pfeiffer/uvicorn-gunicorn-poetry,101
ChurchTao/Lanaya,101
clash-verge-rev/clash-verge-rev,101
taecontrol/orion,101
KilleenCode/tauri-update-cloudflare,101
colinlienard/gitlight,101
Kesomannen/gale,101
SlimeVR/SlimeVR-Server,101
Recordscript/recordscript,101
piccolo-orm/piccolo_admin,101
hiql/passwords-app,101
python-gino/gino,101
MatsDK/TauRPC,101
Raphiiko/OyasumiVR,101
probablykasper/time-machine-inspector,101
ahkohd/tauri-nspanel,101
Taiizor/tauri-plugin-cache,101
hrzlgnm/mdns-browser,101
faststream-community/fastapi-dishka-faststream,101
intility/fastapi-azure-auth,101
dunkbing/typeview,101
dymmond/edgy,101
meel-hd/japanese,101
Brendonovich/MacroGraph,101
hiql/get-unique-id-app,101
tauri-apps/window-shadows,101
Akylas/mbview-rs,101
trallnag/prometheus-fastapi-instrumentator,101
smagafurov/fastapi-jsonrpc,101
mdconaway/fastapi-cruddy-framework,101
pietrobassi/bunnybook,101
endless-r0ad/sarge-launcher,101
harshitsinghai77/nemo-backend,101
fuyoo/bs-redis-desktop-client,101
ku9nov/faynoSync,101
idootop/feiyu-player,101
tomwojcik/starlette-context,101
dedSyn4ps3/tauri-mobile-test,101
s3rius/FastAPI-template,101
amisadmin/fastapi-amis-admin,101
deid84/tauri-plugin-serialport,101
sunhailin-Leo/fastapi_profiler,101
JMBeresford/retrom,101
kuyoonjo/md-viewer,101
zhanglun/lettura,101
snok/asgi-correlation-id,101
h8moss/progressive,101
ayangweb/tauri-plugin-macos-permissions,101
pynamodb/PynamoDB,101
DefGuard/client,101
0pandadev/Qopy,101
yezz123/DogeAPI,101
mikeckennedy/fastapi-chameleon,101
probablykasper/mr-tagger,101
jsnli/Samira,101
smokingplaya/tauri-plugin-drpc,101
ilyaly/ascapes-mixer,101
RobertCraigie/prisma-client-py,101
coleifer/peewee,101
open-goal/launcher,101
kuyoonjo/nda,101
testdrivenio/fastapi-crud-async,101
dhextras/age-timer-tauri,101
probablykasper/svelte-tauri-filedrop,101
yezz123/authx,101
zelytra/BetterFleet,101
Rabbit-Company/CryptoBal-Desktop,101
windht/watcher,101
HubertK05/banban,101
Invictify/Jupter-Notebook-REST-API,101
Abdenasser/neohtop,101
fastapi-mvc/fastapi-mvc,101
TheBlindM/T-Shell,101
AlexProgrammerDE/SoulFireClient,101
pwltr/tauthy,101
anthonycorletti/cloudrun-fastapi,101
padloc/padloc,101
skallfass/fastapi_serviceutils,101
rclement/mailer,101
tokusumi/fastapi-cloudauth,101
SpikeHD/Dorion,101
idootop/MagicMirror,101
mdSilo/mdSilo-app,101
dubisdev/key-on-screen,101
FPurchess/blank,101
ferreira-tb/tauri-plugin-prevent-default,101
wyhaya/tauri-plugin-theme,101
Ignisor/FastAPIwee,101
marc2332/tauri-deno-starter,101
breadthe/seismic,101
MnlPhlp/tauri-plugin-blec,101
buildyourwebapp/tauri-plugin-sharesheet,101
Sushants-Git/locus,101
leonh/redis-streams-fastapi-chat,101
AbianS/docker-db-manager,101
Raicuparta/rai-pal,101
thewh1teagle/lingo,101
philipborg/CubeShuffle,101
sprout2000/tauview,101
perdy/starlette-prometheus,101
NicolaSpadari/nuxtor,101
thewh1teagle/RustDuck,101
tauri-apps/create-tauri-app,101
Orbitale/Compotes,101
probablykasper/kadium,101
haideralsh/prompt-lab,101
billyjacoby/browsernaut,101
UNIkeEN/SJMCL,101
tywil04/parchment,101
rajatkulkarni95/buildlog,101
naaive/orange,101
long2ice/fastapi-limiter,101
zenoxs/tauri-appcenter-companion,101
ow-mods/ow-mod-man,101
authorizon/fastapi_websocket_rpc,101
Kludex/awesome-fastapi-projects,101
dmontagu/fastapi_client,101
freethinkel/tauri-nspopover-plugin,101
fosslife/devtools-x,101
nomandhoni-cs/blink-eye,101
mrjackwills/obliqoro,101
ahkohd/tauri-awesome-rpc,101
strawberry-graphql/strawberry,101
alyalin/PraccJS,101
Verbcode/verbcode-release,101
RoseBlume/Rosary,101
ayangweb/tauri-plugin-fs-pro,101
vutran1710/YeomanPywork,101
kvnxiao/tauri-nextjs-template,101
s00d/switchshuttle,101
mrtolkien/fastapi_simple_security,101
HuakunShen/EzUp,101
openscopeproject/TrguiNG,101
lencx/ChatGPT,101
AGeekInside/fastapi-jinja,101
ParthJadhav/Verve,101
wesdu/fastapi-opentracing,101
JasperSui/fastapi-injectable,101
rustdesk/rustdesk-server,101
0xfrankz/Kaas,101
holgi/fastapi-permissions,101
dewy01/Zenith,101
tiangolo/uvicorn-gunicorn-fastapi-docker,101
jowilf/starlette-admin,101
aws/chalice,101
encode/orm,101
dannysmith/tauri-template,101
FerrisMind/Oxide-Lab,101
identixone/fastapi_contrib,101
persiliao/axios-tauri-api-adapter,101
aptabase/tauri-plugin-aptabase,101
SeakMengs/WindowPet,101
bali-framework/bali,101
ZaneH/piano-trainer,101
Trivernis/mediarepo,101
ecmel/tauri-plugin-view,101
long2ice/fastapi-cache,101
jamessizeland/tauri-chess,101
Levminer/authme,101
matthias-wright/ghorbu-wallet,101
sabuhish/fastapi-mqtt,101
oguzkaganeren/manjaro-starter,101
Michael-A-Kuykendall/crabcamera,101
charlesxsh/tauri-angular-boilerplate,101
KM8Oz/BULKUS,101
JonasKruckenberg/tauri-sycamore-template,101
AR10Dev/tauri-solid-ts-tailwind-vite,101
owasp-sbot/OSBot-Fast-API,101
bewcloud/bewcloud-desktop,101
syre-data/syre,101
jam53/Takma,101
Gram-ax/gramax,101
Pytlicek/fastapi-featureflags,101
spacedriveapp/spacedrive,101
authorizon/opal,101
zhanymkanov/fastapi-best-practices,101
sasha-tkachev/fastapi-cloudevents,101
tw93/Pake,100
anxkhn/azure-ai-900-exam-prep,100
MagicStack/asyncpg,100
aminalaee/sqladmin,100
koxudaxi/fastapi-code-generator,100
ninadnaik10/ninadnaik10,100
fastrepl/hyprnote,100
tiangolo/pydantic-sqlalchemy,100
anxkhn/openui_eval_report,100
anxkhn/openui_eval,100
kkoomen/pointless,100
piccolo-orm/piccolo,100
koldakov/futuramaapi,100
ustaxes/UsTaxes,100
CapSoftware/Cap,100
btpf/Alexandria,100
fastapi/full-stack-fastapi-template,99
gethopp/hopp,99
openapi-generators/openapi-python-client,99
fastapi/fastapi,98
linus/request,96
linus/prosemirror,96
linus/Bash-Oneliner,96
linus/senseunit,96
linus/DefinitelyTyped,96
linus/puppeteer,96
linus/discogs,96
linus/django-facebook,96
linus/magic-modules,96
linus/alwayson,96
linus/fullzurf,96
linus/linus.github.io,96
linus/git-crypt,96
linus/tagcloud,96
linus/refix,96
linus/color-diff,96
linus/vim,96
linus/samples,96
linus/terraform-google-lb-http,96
linus/aoc,96
linus/pouchdb-auth,96
linus/pouchdb-seamless-auth,96
linus/identity-gatekeeper,96
linus/google-ad-manager-api,96
linus/pouchdb-req-http-query,96
linus/website,96
linus/Fetch_XMLData_AndDisplay_js,96
linus/doctest-js,96
linus/dropbox-node,96
linus/foforous,96
linus/elasticsearch-js,96
linus/testy,96
linus/doctest,96
linus/greg,96
linus/docs,96
linus/react-native-slideshow,96
linus/stitch,96
linus/doc,96
linus/react-native-webview,96
linus/swedish-local-news-categories,96
arpitbbhayani/articulate,95
arpitbbhayani/feed,95
arpitbbhayani/delete-while-reading,95
Hrishikesh332/Astronomy_Analysis,95
arpitbbhayani/awesome-flask,95
arpitbbhayani/marshall_unmarshall,95
arpitbbhayani/cerr,95
arpitbbhayani/dotfiles,95
arpitbbhayani/transpiler,95
arpitbbhayani/catdb,95
arpitbbhayani/Fisher-Yates-Shuffling-Algorithm,95
arpitbbhayani/arws,95
arpitbbhayani/isolation-forest,95
arpitbbhayani/protobuf,95
arpitbbhayani/efficient-mod,95
arpitbbhayani/huddl,95
arpitbbhayani/tripod,95
arpitbbhayani/awesome-obsidian,95
arpitbbhayani/editor-demo,95
arpitbbhayani/valkey-json,95
torvalds/linux,95
arpitbbhayani/game-of-life,95
arpitbbhayani/slash_zero,95
arpitbbhayani/python-caches-integers,95
arpitbbhayani/speedyio,95
arpitbbhayani/israeli-queue,95
Hrishikesh332/Aptos-Button-Counter,95
arpitbbhayani/sonic-candle,95
arpitbbhayani/jsguild,95
arpitbbhayani/semver,95
arpitbbhayani/mito,95
arpitbbhayani/genetic-knapsack,95
arpitbbhayani/Pi-Using-Montecarlo,95
arpitbbhayani/revine-showcase,95
arpitbbhayani/1d-terrain,95
arpitbbhayani/interviewbit,95
Hrishikesh332/AI-Video-Note-Taking-TwelveLabs,95
arpitbbhayani/knowledge-base,95
arpitbbhayani/GBASIC,95
arpitbbhayani/levelcache,95
arpitbbhayani/go,95
arpitbbhayani/sepy-fr,95
arpitbbhayani/dice-tests,95
arpitbbhayani/npone-impact,95
arpitbbhayani/readability,95
arpitbbhayani/pottersys,95
arpitbbhayani/obsidian-releases,95
arpitbbhayani/bulma-calendar,95
arpitbbhayani/github-cli,95
arpitbbhayani/sorting-benchmark,95
Hrishikesh332/Advance-Git,95
arpitbbhayani/obsidian-hackernews,95
arpitbbhayani/performant-web,95
Hrishikesh332/ABL-Survey-Report,95
arpitbbhayani/chrome-extension,95
arpitbbhayani/fractional-cascading,95
arpitbbhayani/snake-engine,95
arpitbbhayani/tpl-cpp-console,95
arpitbbhayani/badger-cli,95
arpitbbhayani/scrappers,95
arpitbbhayani/codechef,95
arpitbbhayani/spoj,95
arpitbbhayani/flajolet-martin,95
arpitbbhayani/dqueue,95
arpitbbhayani/quora-widget-api,95
arpitbbhayani/boilr-base-express-app,95
arpitbbhayani/stackedit,95
arpitbbhayani/hackerrank,95
arpitbbhayani/extension-save-to-pocket,95
arpitbbhayani/js-showcase,95
arpitbbhayani/arlt,95
arpitbbhayani/jsdelivr,95
arpitbbhayani/arcli,95
arpitbbhayani/py-prompts,95
arpitbbhayani/reweb,95
arpitbbhayani/arpitbbhayani.github.io,95
arpitbbhayani/pi-digit-distribution,95
arpitbbhayani/tweet-image-generator,95
arpitbbhayani/leaderboard-go-dicedb,95
arpitbbhayani/treeline,95
arpitbbhayani/kafka-zero-copy,95
arpitbbhayani/evil,95
arpitbbhayani/mysql-maxint,95
arpitbbhayani/torrent-leecher,95
arpitbbhayani/endianness,95
arpitbbhayani/database-fundamentals,95
arpitbbhayani/valkey-bloom,95
arpitbbhayani/tcpserver,95
arpitbbhayani/system-design-questions,95
arpitbbhayani/cpython-patches,95
arpitbbhayani/Tweetie,95
arpitbbhayani/file_reversal,95
arpitbbhayani/concurrency-with-semaphores,95
arpitbbhayani/open-source-project-template,95
arpitbbhayani/lorvet,95
arpitbbhayani/jwt-auth,95
arpitbbhayani/awesome-obsidian-plugins,95
arpitbbhayani/slides,95
arpitbbhayani/decipher-single-byte-xor,95
arpitbbhayani/byte-pair-tokenization,95
arpitbbhayani/HttpWebserver,95
arpitbbhayani/randomcliff,95
arpitbbhayani/artisen,95
arpitbbhayani/udemy,95
arpitbbhayani/video.js,95
arpitbbhayani/trex-iot,95
arpitbbhayani/arxiv-download,95
arpitbbhayani/tpl-jupyter-notebook,95
arpitbbhayani/sepy,95
arpitbbhayani/DBSystem,95
arpitbbhayani/slowsort,95
Hrishikesh332/Adopet-To-adopet-pet-easily,95
arpitbbhayani/understanding-virtual-memory,95
arpitbbhayani/game-of-life-engine,95
arpitbbhayani/knn,95
arpitbbhayani/python-threading,95
arpitbbhayani/tailer,95
arpitbbhayani/swe-math-weekly,95
arpitbbhayani/WikiSe,95
arpitbbhayani/scrapy_python,95
arpitbbhayani/lofi-player,95
arpitbbhayani/flask-template,95
arpitbbhayani/squarato,95
arpitbbhayani/Inside-Out-Algorithm,95
arpitbbhayani/mongo-pagination-benchmark,95
arpitbbhayani/postgres-cdc,95
arpitbbhayani/leaderboard-go-redis,95
arpitbbhayani/markov-chains,95
arpitbbhayani/experiments_with_html_css,95
arpitbbhayani/linkie,95
arpitbbhayani/umysql3,95
arpitbbhayani/engineering-blogs,95
arpitbbhayani/go-playground,95
arpitbbhayani/electron-video-player,95
arpitbbhayani/dicedb-go,95
arpitbbhayani/hn-cron-ext,95
arpitbbhayani/py-hangman,95
arpitbbhayani/UglifyJS,95
arpitbbhayani/ranking-on-ratings,95
arpitbbhayani/ultimate-sitemap-parser,95
arpitbbhayani/ls,95
arpitbbhayani/grpc-advcalc,95
arpitbbhayani/delta,95
arpitbbhayani/valkey,95
arpitbbhayani/carte,95
arpitbbhayani/arpitbbhayani,95
arpitbbhayani/fsm,95
arpitbbhayani/pipui,95
arpitbbhayani/arp,95
arpitbbhayani/snake,95
arpitbbhayani/sudoku-solver,95
arpitbbhayani/revine-docs,95
arpitbbhayani/git-netra,95
arpitbbhayani/todo-dooby-doo,95
arpitbbhayani/CodeFlask.js,95
arpitbbhayani/react-boilerplate,95
arpitbbhayani/jsoncache,95
arpitbbhayani/inheritance-c,95
arpitbbhayani/sri-check,95
arpitbbhayani/abloom,95
arpitbbhayani/recviz,95
arpitbbhayani/pthread_semaphore,95
arpitbbhayani/riot-express-webpack,95
arpitbbhayani/quora-widget,95
arpitbbhayani/recursion,95
arpitbbhayani/file_system,95
arpitbbhayani/aps_src,95
arpitbbhayani/sets-similarity,95
arpitbbhayani/stegaroo,95
Hrishikesh332/AI-Inpainting,95
arpitbbhayani/overload,95
arpitbbhayani/sieve-prime,95
arpitbbhayani/shell,95
arpitbbhayani/flasksr,95
arpitbbhayani/grpc-in-depth,95
arpitbbhayani/consistent-hashing,95
arpitbbhayani/ts-asap,95
arpitbbhayani/go-sleep-sort,95
arpitbbhayani/articles,95
arpitbbhayani/jms,95
arpitbbhayani/treeline-expts,95
arpitbbhayani/minhash,95
arpitbbhayani/prism,95
arpitbbhayani/data,95
arpitbbhayani/lfu,95
arpitbbhayani/lfsr,95
arpitbbhayani/penny,95
arpitbbhayani/feed-module,95
arpitbbhayani/morris-counter,95
arpitbbhayani/concurrency-in-depth,95
arpitbbhayani/disk-io-benchmark,95
arpitbbhayani/ShareDo,95
arpitbbhayani/dp,95
arpitbbhayani/experimental,95
arpitbbhayani/python-async-examples,95
arpitbbhayani/peg-solitaire-solver,95
arpitbbhayani/arx,95
arpitbbhayani/tfidf,95
arpitbbhayani/Sattolo-s-Algorithm,95
arpitbbhayani/react-redux-todo,95
Hrishikesh332/ML-Projects,94
Hrishikesh332/EDA-on-Shark-Tank-India-S1,94
Hrishikesh332/Model-Evaluation,94
Hrishikesh332/Hrishikesh332,94
Hrishikesh332/Mixtral-0x,94
Hrishikesh332/LlamaPress,94
Hrishikesh332/Inventory-Management-System,94
Hrishikesh332/Crime_Streamlit,94
Hrishikesh332/Event-Luma,94
Hrishikesh332/awesome-github-profile-readme-templates,94
Hrishikesh332/Demo-Fashion-Advisory,94
Hrishikesh332/ML_Guide,94
Hrishikesh332/Liquidity-Analytics-and-Prediction,94
Hrishikesh332/Code-Comment-Generator,94
Hrishikesh332/Diabetes-Prediction,94
Hrishikesh332/MemeDekho,94
Hrishikesh332/LLM-Dynamic-Analytics-Policing,94
Hrishikesh332/Gemini-Streamlit-Plant,94
Hrishikesh332/dhani.ai,94
Hrishikesh332/Nutrisnap-app-real,94
Hrishikesh332/Graph-X,94
Hrishikesh332/BadgeApp,94
Hrishikesh332/Crime_Rate_Analysis_2022,94
Hrishikesh332/FundFlow,94
Hrishikesh332/Bitcoin-Price-Forecasting,94
Hrishikesh332/MLITD,94
Hrishikesh332/Car-Search-Karo,94
Hrishikesh332/ml-miscellaneous,94
Hrishikesh332/Django,94
Hrishikesh332/Lung-Cancer-Diagnosis-Prediction,94
Hrishikesh332/Gen-TSP,94
Hrishikesh332/Ineuron_Heart_disease_Prediction,94
Hrishikesh332/Indexing-Tooling,94
Hrishikesh332/Best-README-Template,94
Hrishikesh332/GO-CRUD-APP,94
Hrishikesh332/NavRoute,94
Hrishikesh332/ConnCare-ML,94
Hrishikesh332/markdown-progress,94
Hrishikesh332/ExPro-Explore-Protein-3D,94
Hrishikesh332/Docker_Tensorflow,94
Hrishikesh332/expressive-tts-arena,94
Hrishikesh332/Godrej-Chat-AI,94
Hrishikesh332/OpenCode,94
Hrishikesh332/devfest-2024-workshop,94
Hrishikesh332/Image-Analysis,94
Hrishikesh332/Dripy,94
Hrishikesh332/Gemma-2-Tutorial-Guide,94
Hrishikesh332/Godrej-AI-API,94
Hrishikesh332/ChallengeX-xyz,94
Hrishikesh332/Epoch-Builders-Fake-Article-Detection,94
Hrishikesh332/Butler.ai,94
Hrishikesh332/OpenFact,94
Hrishikesh332/EDA-Forecast-Cryptocurency,94
Hrishikesh332/LLM-Text-Detect,94
Hrishikesh332/HCDS-EPD,94
Hrishikesh332/ipynb2pdf,94
Hrishikesh332/DevCircle-To-Connect-with-Developers,94
Hrishikesh332/dev-ai,94
Hrishikesh332/Groq-Mixtral-Chat,94
Hrishikesh332/Multimodal-Retreival-Product-Weaviate,94
Hrishikesh332/Cyber-Security-Global-Analytics,94
Hrishikesh332/Motivation.AI,94
Hrishikesh332/AskScribe,94
Hrishikesh332/Drug-Inhibitor-Cancer-Treatment,94
Hrishikesh332/NPCI-RAG,94
Hrishikesh332/Modelling-Galaxy-and-Insights,94
Hrishikesh332/Live-Time-Series,94
Hrishikesh332/fastn_profile,94
Hrishikesh332/Insurance_Prediction,94
Hrishikesh332/Large-Multimodel-Guide,93
Hrishikesh332/Resnet-Pytorch,93
Hrishikesh332/Prompt-Engineering-Guide,93
Hrishikesh332/khabar.ai,93
Hrishikesh332/Portfolio-v1,93
Hrishikesh332/LaWGPT-v2,93
Hrishikesh332/sora2-mcp,93
Hrishikesh332/PowerBI_Projects,93
Hrishikesh332/PDF-Generator,93
Hrishikesh332/TCET_ESD_Management,93
Hrishikesh332/SocialUnity,93
Hrishikesh332/TL_Indexing_MCP,93
Hrishikesh332/RAG-Embedding,93
Hrishikesh332/Ping-Pong,93
Hrishikesh332/Time-Series-Guide,93
Hrishikesh332/Space-Metaverse-Three,93
Hrishikesh332/jpmc-task-1,93
sindresorhus/awesome,93
Hrishikesh332/Restaurant-Analytics,93
Hrishikesh332/IndiaStateTopojsonFiles,93
Hrishikesh332/Student-Data,93
Hrishikesh332/resume-screener,93
Hrishikesh332/Resnet-Pytorch-Model,93
Hrishikesh332/personality.ai,93
Hrishikesh332/Resume.AI,93
Hrishikesh332/S.H.I.E.L.D,93
Hrishikesh332/Talks,93
Hrishikesh332/Social-Crypt,93
Hrishikesh332/Q-A-with-Video,93
Hrishikesh332/Resume-Screener-v2,93
Hrishikesh332/timeline,93
Hrishikesh332/Para-Value-Extraction,93
Hrishikesh332/Smart-Eats,93
Hrishikesh332/test,93
Hrishikesh332/TrendDekho,93
Hrishikesh332/QUOTES-SCRAPPER,93
Hrishikesh332/Twelve-Labs-Chat-with-Video,93
Hrishikesh332/serverless,93
Hrishikesh332/RAG_Llama3,93
Hrishikesh332/Quantum-Machine-Learning,93
Hrishikesh332/RetroNexus,93
Hrishikesh332/Solana-AI-Rewind,93
Hrishikesh332/team-v2,93
Hrishikesh332/Portfolio,93
Hrishikesh332/rust-basics,93
Hrishikesh332/Time-Series,92
Hrishikesh332/TwelveLabs-Survilence-Search,92
Hrishikesh332/Twelvelabs-Video-Content-MCQ-Generation,92
Hrishikesh332/TwelveLabs-Interview-App,92
Hrishikesh332/Twelvelabs-Youtube-Chapter-Timestamp,92
Hrishikesh332/Twelve-Labs-Security-Analysis,92
Hrishikesh332/Twelve-Labs-Content-Intelligence,92
Hrishikesh332/twelvelabs-developer-experience,92
Hrishikesh332/Twelve-labs-text-embed,92
Hrishikesh332/Twelve-Labs-Fashion-Assistant,92
Hrishikesh332/Twelve-Labs-Content-Recommendation,92
Hrishikesh332/Twelve-Labs-Video-Embed,92
Hrishikesh332/Twelvelabs-Multilingual-Video-Transcriber,92
Hrishikesh332/Twelve-Labs-Fashion-chat-assistant,92
Hrishikesh332/TwelveLabs-Nature-Footage,91
Hrishikesh332/TwelveLabs-Video-DeepResearch,91
Hrishikesh332/UIPath-Diploma,91
Hrishikesh332/Weather-Forecasting-Using-ML,91
Hrishikesh332/video-downloader-render,91
Hrishikesh332/Waffle,91
Hrishikesh332/Water-Potability-Prediction,90
Hrishikesh332/Video2Game,90
Hrishikesh332/TwelveLabs-Olympics-App,90
Hrishikesh332/video2reel,90
Hrishikesh332/Weather-Analysis-Jupyter,90
Hrishikesh332/web3.js-basics,90
Hrishikesh332/VIkash-8090-Yadav,90
Hrishikesh332/World-of-Shark-Tank-India-S1,89
Hrishikesh332/X-Mol,89
Hrishikesh332/XRay_Efficient,88
torvalds/libgit2,80
torvalds/1590A,80
torvalds/pesconvert,80
torvalds/test-tlb,80
torvalds/uemacs,80
torvalds/subsurface-for-dirk,80
torvalds/GuitarPedal,80
torvalds/libdc-for-dirk,80
devout-coder/shelly,35
devout-coder/ree,34
devout-coder/conquer,32
devout-coder/doneify_backend,30
devout-coder/doneify,30
Welding-Torch/superconfigure,28
Welding-Torch/awesome-youtubers,28
Welding-Torch/catchup,28
Welding-Torch/cayman,28
Welding-Torch/thmsgbrt,28
Welding-Torch/some-assembly-required,28
Welding-Torch/VSCode-TurboC3,28
Welding-Torch/TSECWorkshop,28
Welding-Torch/obsidian-dataview,28
Welding-Torch/Ally-PiedPiper-TSEC-Hacks-2022,28
Welding-Torch/sudoshivam,28
Welding-Torch/v4,28
Welding-Torch/friends,28
Welding-Torch/vscode-docs,28
Welding-Torch/hextra,28
Welding-Torch/installc,28
Welding-Torch/Star-Wars-Fire,28
Welding-Torch/resume,28
Welding-Torch/Amber-theme,28
Welding-Torch/Excel-Anonymizer,28
Welding-Torch/docs.page,28
Welding-Torch/CP-SAMPLE,28
Welding-Torch/collegeprac,28
Welding-Torch/aoa_pracs,28
Welding-Torch/mkdocs-material,28
Welding-Torch/EverythingPowerToys,28
Welding-Torch/tuppers-formula,28
Welding-Torch/obsidian-jupyter,28
Welding-Torch/vscode,28
Welding-Torch/awake-template,28
Welding-Torch/Welding-Obsidain,28
Welding-Torch/lrda_website,28
Welding-Torch/React-CRUD-Workshop,28
Welding-Torch/hydejack,28
Welding-Torch/Badges-testing-ground,28
Welding-Torch/github-workshop,28
Welding-Torch/awesome-cli-apps,28
Welding-Torch/Java-Prac,28
Welding-Torch/cg-sem3,28
Welding-Torch/Paste-Anywhere,28
Welding-Torch/akasrai,28
Welding-Torch/QBittorrent-Metrics,28
Welding-Torch/Amber2,28
Welding-Torch/CryptoDrive,28
Welding-Torch/CustomTkinter,28
Welding-Torch/pet,28
Welding-Torch/chetachiezikeuzor,28
Welding-Torch/welding-torch.github.io,28
Welding-Torch/linuxshellscript,28
Welding-Torch/Computergraphics_lab,28
Welding-Torch/bug-free-palm-tree,28
Welding-Torch/markdown-crm,28
Welding-Torch/glorious-demo,28
Welding-Torch/sid.github.io,28
Welding-Torch/Binary-Search-Tree-Visualiser,28
Welding-Torch/ResumeGenerator,28
Welding-Torch/VideoSync,28
Welding-Torch/Harsh-H-Shah,28
Welding-Torch/vscode-chatgpt,28
Welding-Torch/Calculator_Tkinter,28
Welding-Torch/SemIVPublic,28
Welding-Torch/pokeget,28
Welding-Torch/Tkinter,28
Welding-Torch/empress-blog-netlify-casper-template,28
Welding-Torch/obsidian-activity-history,28
Welding-Torch/departmental-social-app,28
Welding-Torch/PortfolioWebsite,28
Welding-Torch/vscode-code-runner,28
Welding-Torch/Welding-Torch,28
Welding-Torch/cava,28
Welding-Torch/tsec,28
Welding-Torch/semiii,28
Welding-Torch/ShyrenMore,28
Welding-Torch/libgen_gui,28
Welding-Torch/TurboVSCode,28
Welding-Torch/erpnext,28
Welding-Torch/patchwork,28
Welding-Torch/obsidian-timeline,28
Welding-Torch/aemmadi,28
Welding-Torch/git-ls,28
Welding-Torch/basher,28
Welding-Torch/Make-Fandom-Useable,28
Welding-Torch/geeksite,28
Welding-Torch/special-waffle.github.io,28
Welding-Torch/ghcli-test,28
Welding-Torch/Ds_lab,28
Welding-Torch/terminalweb,28
Welding-Torch/vscode-color-blocks,28
Welding-Torch/GB-Studio-Community-Assets,28
Welding-Torch/obsidian-copilot,28
Welding-Torch/Algorithms-And-Data-Structures,28
ninadnaik10/UrlChecker,26
hanzalahwaheed/hanzalahwaheed-stalk,26
anxkhn/covid19resources,26
hanzalahwaheed/Pristine,26
anxkhn/FFpy,26
anxkhn/sem3-labs,26
ninadnaik10/nodejs-firebase,26
hanzalahwaheed/FinEase,26
anxkhn/IPMapper,26
ninadnaik10/bill-splitter,26
anxkhn/CodeClip,26
anxkhn/StoHexGo,26
hanzalahwaheed/weather-app,26
anxkhn/bitmoji,26
hanzalahwaheed/automarket,26
hanzalahwaheed/ImagineText,26
ninadnaik10/nodejs-streams,26
hanzalahwaheed/ab-img-gen,26
hanzalahwaheed/my-portfolio,26
anxkhn/TwoRaisedTo,26
ninadnaik10/CP-LAB-TSEC,26
anxkhn/segwise_backend_assignment,26
hanzalahwaheed/edgartools,26
anxkhn/forms,26
hanzalahwaheed/genai-handbook.github.io,26
anxkhn/CS50PSET8,26
anxkhn/N,26
hanzalahwaheed/CV,26
hanzalahwaheed/developer-roadmap,26
hanzalahwaheed/AspireNex-Demo-Portfolio,26
ninadnaik10/QuickList,26
ninadnaik10/storm_systemadmins,26
anxkhn/Eleetcode-Addon-Extention,26
ninadnaik10/codeit-isolate-server,26
hanzalahwaheed/hello-world-android,26
hanzalahwaheed/rafiki,26
hanzalahwaheed/my-portfolio-v2,26
anxkhn/fampay-backend-assignment,26
hanzalahwaheed/wi-assignment,26
anxkhn/placement-data-2025,26
ninadnaik10/socket-chat-example,26
hanzalahwaheed/assignments,26
anxkhn/httptoolkit-pro-patcher,26
hanzalahwaheed/ProductOwl,26
hanzalahwaheed/my-turborepo,26
ninadnaik10/blog,26
ninadnaik10/xv6-public,26
anxkhn/SQL-Lab-EndSem,26
anxkhn/BetterBox,26
hanzalahwaheed/stockinsights.ai,26
hanzalahwaheed/EcoGather,26
ninadnaik10/GitWorkshop,26
ninadnaik10/hiring-agent,26
ninadnaik10/jdbc-password-manager,26
anxkhn/generative-ai-js,26
hanzalahwaheed/ani-cli,26
hanzalahwaheed/bash-configs,26
ninadnaik10/News-Forecast,26
hanzalahwaheed/nodemailer-be,26
anxkhn/jiosaavn-api,26
hanzalahwaheed/blog-app,26
ninadnaik10/email-reminder-webhook,26
anxkhn/tsecgeeks.in,26
ninadnaik10/tsec-geeks,26
ninadnaik10/SpeakSure,26
hanzalahwaheed/hobby-web-page,26
ninadnaik10/codestorm-hack-23,26
anxkhn/passvault,26
anxkhn/system-design,26
anxkhn/OpynGPT-Chat,26
anxkhn/MU-C-Programming,26
hanzalahwaheed/alfa-leetcode-api,26
hanzalahwaheed/login-register-auth,26
hanzalahwaheed/hanzo-ai,26
anxkhn/transcribe-rs,26
anxkhn/CircuitVerse,26
hanzalahwaheed/cp-template,26
anxkhn/pcpf-resources,26
hanzalahwaheed/daikai-FE,26
hanzalahwaheed/imageUploading,26
ninadnaik10/git-lab,26
ninadnaik10/vision-guard,26
hanzalahwaheed/system-prompts-and-models-of-ai-tools,26
hanzalahwaheed/C4GT,26
anxkhn/bookwise,26
hanzalahwaheed/extensions-common,26
anxkhn/HackerSights,26
anxkhn/CodeClip-extension,26
anxkhn/iNotes,26
ninadnaik10/SQLBasics,26
hanzalahwaheed/mind-muscle,26
ninadnaik10/codeit,26
hanzalahwaheed/basic-trivia-application,26
anxkhn/cs50-python,26
ninadnaik10/is-a-dev-register,26
hanzalahwaheed/MyTokri_Assignment,26
anxkhn/cs50,26
hanzalahwaheed/pricing-calculator-assignment,26
ninadnaik10/npm-expansions,26
hanzalahwaheed/mail-classifier,26
hanzalahwaheed/vercel-ai-chatbot,26
anxkhn/IssuePages,26
ninadnaik10/KisaanSetu,26
anxkhn/Java-Lab,26
hanzalahwaheed/react-notes-app,26
ninadnaik10/scripts,26
ninadnaik10/ente,26
anxkhn/anxkhn,26
anxkhn/frappe-installer-bash,26
ninadnaik10/standardnotes-sntools,26
ninadnaik10/twenty,26
anxkhn/minrl,26
hanzalahwaheed/lf-assignment,26
ninadnaik10/gitwithboys,26
hanzalahwaheed/hanzalahwaheed,26
anxkhn/Cuvelit,26
hanzalahwaheed/cli,26
anxkhn/ollamao,26
ninadnaik10/ninadnaik10.github.io,26
hanzalahwaheed/LearnWithHanzo,26
hanzalahwaheed/my-portfolio-v1,26
ninadnaik10/TSEC-Mobile-App,26
ninadnaik10/railway-booking-api,26
ninadnaik10/dotfiles,26
hanzalahwaheed/bmi-calculator,26
hanzalahwaheed/fswd-sem5,26
anxkhn/skill-icons,26
anxkhn/AuraTrips,26
anxkhn/mindful,26
hanzalahwaheed/next-auth-basic,26
anxkhn/misbrands,26
anxkhn/Oops-I-did-it-again,26
hanzalahwaheed/catalog-oa,26
ninadnaik10/gcv_ncv_calculator,26
hanzalahwaheed/morphic,26
anxkhn/india-api,26
ninadnaik10/go-buy,26
hanzalahwaheed/news-nation,26
hanzalahwaheed/sem4-notes,26
anxkhn/Peek-a-Chat,26
ninadnaik10/node-socket,26
hanzalahwaheed/salon-booking-backend,26
ninadnaik10/next-mdx,26
ninadnaik10/go-explore,26
hanzalahwaheed/nike,26
anxkhn/CP-LAB-TSEC,26
hanzalahwaheed/CodeGraphContext,26
anxkhn/data-tune,26
ninadnaik10/twonumbers,26
hanzalahwaheed/ai-agents-for-beginners,26
ninadnaik10/email-alias-generator,26
anxkhn/system-prompts-and-models-of-ai-tools,26
hanzalahwaheed/Proton-Screening-Test,26
hanzalahwaheed/cms,26
anxkhn/LastMinuteNotes,26
hanzalahwaheed/basic-js-methods-to-master,26
anxkhn/ocf-data-sampler,26
hanzalahwaheed/activity-tracker-chrome-extension,26
anxkhn/CP-SAMPLE,26
anxkhn/Handy,26
ninadnaik10/SQLBasics-1,26
ninadnaik10/resume,26
hanzalahwaheed/zsh-configs,26
anxkhn/SQLBasics,26
anxkhn/PipFix,26
ninadnaik10/n8n-docs,26
ninadnaik10/lichenss,26
anxkhn/YourKi,26
ninadnaik10/n8n,26
hanzalahwaheed/scira,26
hanzalahwaheed/vai-sdk-chatbot,26
anxkhn/uk-pvnet-app,26
anxkhn/cs50-pset9-flask,26
hanzalahwaheed/GIST3DR,26
ninadnaik10/Expense-Splitter,26
ninadnaik10/gnome-shell-extension-clipboard-indicator,26
hanzalahwaheed/db-drawer,26
hanzalahwaheed/dsa-,26
hanzalahwaheed/portfolio-v2,26
anxkhn/V0-system-prompt,26
ninadnaik10/PassVault,26
hanzalahwaheed/temp_activity_tracker_node,26
ninadnaik10/doneify,26
anxkhn/links-extractor,26
anxkhn/OpynGPT,26
hanzalahwaheed/developer.tbd.website,26
anxkhn/ReviseWithArsh,26
hanzalahwaheed/TodoApp,26
ninadnaik10/expense-splitter-web,26
hanzalahwaheed/certificateDelivery,26
ninadnaik10/tsecworkshop,26
ninadnaik10/shortomega,26
hanzalahwaheed/url-shorty,26
ninadnaik10/LoremIpsum_Clash-Of-Codes,26
anxkhn/AnnoyanceBlocker,26
anxkhn/Flask-Starter-Template,26
ninadnaik10/lichens,26
hanzalahwaheed/studio-desktop,26
ninadnaik10/behavioural-interview-demo,26
ninadnaik10/term-ai,26
ninadnaik10/PublicRepository,26
hanzalahwaheed/openai-agents-sdk-to-vercel-ai-sdk-starter-kit,26
anxkhn/Sem4-labs,26
anxkhn/leetcode-compensation,26
ninadnaik10/ToDoList,26
hanzalahwaheed/hobby-website-travel,26
anxkhn/reflex-chat,26
ninadnaik10/weather-app,26
anxkhn/SensorLabMiniProject,26
anxkhn/GlimpsifyPlus,26
anxkhn/taxes.fyi,26
hanzalahwaheed/DocsGPT,26
ninadnaik10/FireSense,26
devout-coder/conquer-rn-app,26
anxkhn/my-awesome-stars,26
farhank9821/Mobile-App,19
Hiral25p/bit-n-build-hackathon,19
SumilSuthar197/CP_QUESTION_BANK,19
Team-HEVC/Technoverse,19
ghadegaurav/NFC_System_Admins,19
bhusawant/BaliRaja,19
ShashankGupta10/rubix_24_Team_Jett,19
ninadblog/ninadblog.github.io,19
TSECGeeks/tsecgeeks.github.io,19
BismeetSingh/SecureMob,19
arnavsaxena17/arxena,19
Ratheshan03/swiftplan-ai-agent,16
Ratheshan03/ai-subtitle-editor,16
Ratheshan03/Hotel-Menu-System-Java,16
Ratheshan03/Zen-Property-Dashboard,16
Ratheshan03/CoverageX,16
Ratheshan03/Basic-Python-Programs,16
karpathy/calorie,16
Ratheshan03/first_contribution,16
Ratheshan03/Google-clone-react,16
karpathy/arxiv-sanity-lite,16
karpathy/examples,16
Ratheshan03/andriod-movie-collection-application,16
Ratheshan03/free-programming-books,16
Ratheshan03/Airbnb-clone-react,16
karpathy/arxiv-sanity-preserver,16
Ratheshan03/demo-rathe,16
Ratheshan03/Disney-Plus-clone-react,16
Ratheshan03/bruno,16
Ratheshan03/Starbucks-Frontend-clone,16
Ratheshan03/animepedia,16
Ratheshan03/Free-courses-with-Certificates,16
Ratheshan03/Python,16
Ratheshan03/YouTube-clone-react,16
Ratheshan03/minimal-BookStore,16
Ratheshan03/Awesome-Profile-README-templates,16
Ratheshan03/sassEssentials,16
Ratheshan03/Twitter-clone-react,16
Ratheshan03/F1-Race-Management-System,16
Ratheshan03/matrimony-backend,16
Ratheshan03/hacktoberfest-test,16
Ratheshan03/codedamn-hacktoberfest-projects,16
Ratheshan03/notesapp,16
karpathy/EigenLibSVM,16
Ratheshan03/neucon-labs,16
Ratheshan03/awesome-android-kotlin-apps,16
Ratheshan03/Dall-E-AI-Image-Generator,16
Ratheshan03/remote-jobs,16
Ratheshan03/moderate-jokes-microservice,16
karpathy/cryptos,16
Ratheshan03/Group-Project---Product-site-,16
Ratheshan03/My-JS-Action,16
Ratheshan03/hacktoberfest2021,16
Ratheshan03/Facebook-messenger-clone-react,16
Ratheshan03/Example-Blog-site,16
Ratheshan03/Pet-Clinic-Appointment-Interface-react,16
Ratheshan03/github-upload,16
Ratheshan03/ChefSerendib,16
Ratheshan03/Facebook-clone-react,16
Ratheshan03/github-slideshow,16
Ratheshan03/spotify-clone,16
Ratheshan03/Shoe-Ecommerce-website,16
Ratheshan03/ChatWe-messaging-mobile-application,16
Ratheshan03/Type-B-Digital-GoLang,16
Ratheshan03/Airbnb-Clone-Mern,16
Ratheshan03/JavaScript,16
Ratheshan03/Java-Projects-for-Beginners,16
Ratheshan03/Booking-Application,16
Ratheshan03/Spotify-clone-react,16
Ratheshan03/awesome-hacktoberfest-2022,16
Ratheshan03/Fullstack-Amazon-Clone-react,16
Ratheshan03/hello-github-actions,16
Ratheshan03/Ratheshan-Portfolio,16
Ratheshan03/site,16
Ratheshan03/TravelGo,16
Ratheshan03/Instagram-clone-react,16
Ratheshan03/amplication,16
Ratheshan03/Nextjs-Flask-Demo-Project,16
Ratheshan03/opendrinks,16
Ratheshan03/Chat-Application-react,16
Ratheshan03/deliver-jokes-microservice,16
Ratheshan03/Official-Parallax-Website,16
Ratheshan03/Jokes-full-stack-application,16
Ratheshan03/Tiktok-clone-react,16
Ratheshan03/javascript-mini-projects,16
Ratheshan03/react-portfolio-ed,16
karpathy/find-birds,16
Ratheshan03/Coursera_check,16
Ratheshan03/LeadGen,16
Ratheshan03/android-kotlin-fundamentals-apps,16
Ratheshan03/etl-snowflake-azure,16
Ratheshan03/submit-jokes-microservice,16
Ratheshan03/product-is,16
Ratheshan03/Gmail-clone-react,16
Ratheshan03/Tesla-clone-react,16
Ratheshan03/Emplawyee,16
Ratheshan03/airbnb-project,16
Ratheshan03/Netflix-clone-react,16
Ratheshan03/Pinterest-clone-react,16
Ratheshan03/Python-Projects-for-Beginners,16
Ratheshan03/FitnessZone-Gym-Application,16
karpathy/convnetjs,16
Ratheshan03/Todo-list-app-react,16
Ratheshan03/F1-gpt-chatbot,16
Ratheshan03/Waste-Management-App,16
Ratheshan03/RATHE-Portfolio,16
Ratheshan03/android-weather-application,16
Ratheshan03/demo-rathe2,16
Ratheshan03/NotionFL,16
Ratheshan03/api-manager,16
karpathy/build-nanogpt,16
Ratheshan03/ClusterX,16
Ratheshan03/tldr,16
Ratheshan03/CheatSheets,16
Ratheshan03/ExplainableFL,16
Ratheshan03/markdown-portfolio,16
Ratheshan03/android-arithmetic-game,16
Ratheshan03/Web-Dev-For-Beginners,16
Ratheshan03/LinkFree,16
Ratheshan03/Crud-Program,16
Ratheshan03/GoogleKickStart2020_Solutions,16
Ratheshan03/Responsive-Portfolio-Design,16
Ratheshan03/apim-apps,16
Ratheshan03/Echelon-test,16
karpathy/char-rnn,16
Ratheshan03/90DaysOfDevOps,16
Ratheshan03/identity-apps,16
karpathy/llm-council,16
Ratheshan03/JavaScript-Projects-for-Beginners,16
Ratheshan03/it-cert-automation-practice,16
Ratheshan03/CP-Twilio-Python-Text-App,16
karpathy/covid-sanity,16
Ratheshan03/Hulu-clone-react,16
Ratheshan03/Java,16
Ratheshan03/linkedin-clone01-react,16
karpathy/deep-vector-quantization,16
Ratheshan03/matrimony-frontend,16
Ratheshan03/git-test,16
Ratheshan03/WhatsApp-clone-react,16
Ratheshan03/code-snippets,16
Ratheshan03/Covid-19-Tracker-react,16
Ratheshan03/Ratheshan03,16
karpathy/notpygamejs,15
karpathy/recurrentjs,15
karpathy/MatlabWrapper,15
karpathy/lifejs,15
karpathy/sqlitedict,15
karpathy/minbpe,15
karpathy/svmjs,15
karpathy/ng-video-lecture,15
karpathy/rendergit,15
karpathy/nanochat,15
karpathy/neuraltalk,15
karpathy/scholaroctopus,15
karpathy/nipspreview,15
karpathy/researchpooler,15
karpathy/randomfun,15
karpathy/reader3,15
karpathy/researchlei,15
karpathy/simple-amt,15
karpathy/pytorch-normalizing-flows,15
karpathy/llama2.c,15
karpathy/tf-agent,15
karpathy/forestjs,15
karpathy/lecun1989-repro,15
karpathy/minGPT,15
karpathy/Random-Forest-Matlab,15
karpathy/tsnejs,15
karpathy/pytorch-made,15
karpathy/nn-zero-to-hero,15
karpathy/optim,15
karpathy/twoolpy,15
karpathy/neuraltalk2,15
karpathy/makemore,15
karpathy/llm.c,15
karpathy/nn,15
karpathy/paper-notes,15
karpathy/gitstats,15
karpathy/karpathy,15
karpathy/reinforcejs,15
karpathy/ulogme,15
karpathy/micrograd,15
karpathy/scriptsbots,15
karpathy/transformers,15
karpathy/LLM101n,14
karpathy/karpathy.github.io,14
karpathy/nanoGPT,13
knadh/dictpress,10
openai/gym,10
knadh/dns.toys,10
python/cpython,10
TheAlgorithms/Python,10
pymatting/pymatting,10
ollama/ollama-python,10
joke2k/faker,10
humiaozuzu/awesome-flask,10
astral-sh/ruff,10
numba/numba,10
mindsdb/mindsdb,10
astral-sh/uv,10
keon/algorithms,10
Alir3z4/html2text,10
django/django,10
asweigart/pyautogui,10
pallets/flask,10
ollama/ollama,10
devout-coder/mpr,10
devout-coder/cg-sem3,10
amoffat/sh,10
knadh/listmonk,10
andrew/minitest-ci,9
andrew/anyproxy,9
mindflayer/python-mocket,9
andrew/ar-drone-keyboard,9
copier-org/copier,9
andrew/distributions,9
andrew/build-cat,9
andrew/ollie-utils,9
getsentry/responses,9
andrew/andrew-nesbitt.com,9
locustio/locust,9
knadh/querytostruct,9
andrew/horizon,9
andrew/ruby-multicodec,9
andrew/stripe-ruby-mock,9
devout-coder/remote_automation_scripts,9
django-guardian/django-guardian,9
andrew/free-for-dev,9
andrew/timeliness,9
miracle2k/webassets,9
andrew/game_of_life,9
knadh/go-i18n,9
andrew/ghpm,9
andrew/elasticsearch-rails,9
andrew/rabbitconf,9
google/pytype,9
pymssql/pymssql,9
andrew/Xcodeproj,9
TomNicholas/Python-for-Scientists,9
andrew/fullfrontal2013,9
lancopku/pkuseg-python,9
andrew/asciidoctor,9
andrew/public-gateway-checker,9
andrew/colorize,9
mingrammer/diagrams,9
knadh/wordpluck,9
andrew/guides,9
indico/indico,9
andrew/hybrid-2014,9
libAudioFlux/audioFlux,9
andrew/ipfs-desktop,9
andrew/hello-wapi,9
SciTools/cartopy,9
andrew/ipld-explorer,9
andrew/js.ipfs.io,9
andrew/sphero-mapper,9
psf/requests-html,9
prompt-toolkit/python-prompt-toolkit,9
andrew/js-ipfsd-ctl,9
andrew/semantic_range,9
knadh/stuffbin,9
davidaurelio/hashids-python,9
andrew/swhid,9
wagtail/wagtail,9
grantjenks/python-diskcache,9
pdfminer/pdfminer.six,9
martinrusev/imbox,9
andrew/ar-drone-gps,9
python/typeshed,9
knadh/mlphone,9
Suor/funcy,9
knadh/scylladb-metrics,9
andrew/brightonruby,9
lk-geimfari/mimesis,9
andrew/spree_order_export,9
PyMySQL/PyMySQL,9
andrew/parse-a-changelog,9
andrew/graticule,9
devout-coder/bst_visualizer,9
andrew/opencollective-api,9
andrew/newsletter,9
andrew/node-lanyrd,9
miracle2k/flask-assets,9
andrew/lrug,9
chriskiehl/Gooey,9
nvdv/vprof,9
pytransitions/transitions,9
knadh/boastmachine,9
knadh/knphone,9
schematics/schematics,9
andrew/solnic,9
andrew/hanami-sprockets,9
andrew/penguin-attack,9
michaelhelmick/lassie,9
andrew/lanyrd,9
napalm-automation/napalm,9
andrew/codetriage,9
andrew/website,9
lincolnloop/python-qrcode,9
Parisson/TimeSide,9
elapouya/python-docx-template,9
python-mode/python-mode,9
andrew/whitehat,9
linkedin/shiv,9
maciejkula/spotlight,9
python-rapidjson/python-rapidjson,9
andrew/sushijs.github.io,9
isnowfy/snownlp,9
prabhupant/python-ds,9
gorakhargosh/watchdog,9
andrew/ben-utils,9
andrew/nodecopter.com,9
knadh/unipdf,9
django/channels,9
metawilm/cl-python,9
andrew/coolometer,9
pwaller/pyfiglet,9
andrew/code-tennis,9
cookiecutter/cookiecutter,9
python-excel/xlrd,9
platformio/platformio-core,9
devout-coder/bash_scripts,9
andrew/spdy,9
andrew/purl-spec,9
andrew/install-stats,9
andrew/alan-utils,9
apache/spark,9
andrew/arduino-experiments,9
eventlet/eventlet,9
andrew/activestorage-ipfs,9
knadh/autocomp.js,9
andrew/spree-api-client,9
knadh/niltalk,9
andrew/mocha,9
django-haystack/django-haystack,9
derek73/python-nameparser,9
andrew/plan-vert-letter,9
codeinthehole/purl,9
andrew/ruby-cid,9
andrew/bibliothecary,9
andrew/vmux,9
andrew/documentation-1,9
andrew/template-test,9
ollama/ollama-js,9
ChristosChristofidis/awesome-deep-learning,9
andrew/dry-validation,9
inducer/pudb,9
andrew/pyopensci.github.io,9
django/daphne,9
andrew/ruby-macho,9
andrew/omniauth-oauth,9
andrew/go-experiments,9
andrew/browser,9
canonical/cloud-init,9
knadh/rofi-vscode-projects,9
knadh/git-bars,9
Supervisor/supervisor,9
andrew/nesbitt.io,9
pyexcel/pyexcel,9
ovalhub/pyicu,9
andrew/sass-rails,9
glamp/bashplotlib,9
fabric/fabric,9
andrew/loofah,9
andrew/ipfs-geoip,9
andrew/homebrew,9
andrew/packages,9
ajenti/ajenti,9
devout-coder/M.SBrokers-ReactJS-,9
andrew/rspec-cells,9
pypa/virtualenv,9
fogleman/Quads,9
andrew/csvlint.rb,9
andrew/ruby-ole,9
feincms/feincms,9
Cornices/cornice,9
giampaolo/psutil,9
buriy/python-readability,9
libvips/pyvips,9
andrew/vunnel,9
TkTech/pysimdjson,9
maxcountryman/flask-login,9
andrew/ri_for,9
jazzband/django-taggit,9
andrew/python-cmethods,9
andrew/homebrew-core,9
andrew/node-picam,9
andrew/node-sass-example,9
mongodb/motor,9
andrew/faraday-excon,9
andrew/devgrants,9
has2k1/plotnine,9
andrew/sizlate,9
knadh/profiler,9
python-jsonschema/jsonschema,9
andrew/go-libp2p,9
knadh/smtppool,9
andrew/mini_portile,9
marrow/mailer,9
knadh/tinytabs,9
mymarilyn/clickhouse-driver,9
andrew/ruby-ipfs-pinning-api-client,9
andrew/hello_node,9
aws/aws-sdk-pandas,9
pallets/jinja,9
ahupp/python-magic,9
andrew/libsass-rails,9
andrew/repo_miner,9
andrew/reevoo,9
pyinvoke/invoke,9
lepture/mistune,9
crossbario/autobahn-python,9
dhamaniasad/awesome-postgres,9
pallets-eco/flask-debugtoolbar,9
mitmproxy/pdoc,9
PySimpleGUI/PySimpleGUI,9
knadh/localStorageDB,9
dbader/schedule,9
devout-coder/Leetbuddy.nvim,9
bbangert/beaker,9
h2oai/h2o-3,9
bpython/bpython,9
DiffSK/configobj,9
andrew/spring,9
benoitc/gunicorn,9
andrew/first-django-app,9
moggers87/salmon,9
andrew/yarn_lock,9
andrew/SpeechToText-WebSockets-Javascript,9
andrew/nodecopter,9
getsentry/sentry-python,9
andrew/hackday,9
andrew/goliath-shortener,9
pyca/cryptography,9
andrew/fossfoundation,9
pyinfra-dev/pyinfra,9
pylint-dev/pylint,9
knadh/stringvalidator.py,9
andrew/cylon,9
knadh/zig-releaser,9
andrew/garb,9
abhiTronix/vidgear,9
andrew/bude,9
ibayer/fastFM,9
ansible/ansible,9
jazzband/django-pipeline,9
andrew/training-kit,9
knadh/goyesql,9
andrew/js-schema-gen,9
andrew/confkick.com,9
andrew/analyse_urls,9
andrew/memcached,9
Manisso/fsociety,9
Maratyszcza/PeachPy,9
andrew/js-ipfs,9
andrew/libp2p-dht-scrape-aas,9
andrew/specs,9
knadh/jsonconfig,9
andrew/dokku-opensearch,9
knadh/csv2json,9
andrew/json-schema,9
andrew/awesome-hanami,9
andrew/camp,9
andrew/js-ipld,9
gruns/furl,9
andrew/first-pr,9
andrew/bitbucket,9
keleshev/schema,9
python-greenlet/greenlet,9
iwpnd/fastapi-aws-lambda-example,9
andrew/paperdoily.co.uk,9
knadh/tinyrouter.js,9
patx/pickledb,9
encode/django-rest-framework,9
MasoniteFramework/masonite,9
andrew/sustain,9
jendrikseipp/vulture,9
scanny/python-pptx,9
andrew/meetups,9
vimalloc/flask-jwt-extended,9
MagicStack/uvloop,9
pyeve/eve,9
jfkirk/tensorrec,9
andrew/engines,9
andrew/octobox,9
andrew/robfisher-utils,9
andrew/node-ar-drone,9
pytorch/pytorch,9
andrew/ipfs-counter,9
peterbrittain/asciimatics,9
httpie/cli,9
devout-coder/Mobile-App,9
google/python-fire,9
andrew/decommission,9
fengsp/plan,9
knadh/listmonk-heroku-deploy,9
miso-belica/sumy,9
devout-coder/codetantra-hackathon,9
andrew/cloc,9
python-pillow/Pillow,9
micropython/micropython,9
mobolic/facebook-sdk,9
msiemens/tinydb,9
Suor/django-cacheops,9
andrew/ipfs,9
andrew/cucumber-ruby-core,9
Delgan/loguru,9
CleanCut/green,9
alecthomas/voluptuous,9
SmileyChris/django-countries,9
andrew/gay_utils,9
burnash/gspread,9
benfred/implicit,9
andrew/json-schema-diff,9
andrew/appsignal-docs,9
andrew/acts_as_list,9
gabrielfalcao/HTTPretty,9
andrew/readthedocs.org,9
andrew/js-libp2p,9
klen/mixer,9
pyglet/pyglet,9
andrew/ruby-multihash,9
ellisonleao/pyshorteners,9
andrew/base62.go,9
andrew/rack-cors,9
benedekrozemberczki/karateclub,9
pytoolz/toolz,9
andrew/documentation,9
mininet/mininet,9
andrew/byebug,9
andrew/docs-1,9
knadh/listmonk-site,9
andrew/powerpack,9
Bogdanp/dramatiq,9
andrew/peas,9
knadh/tinyprogressbar,9
andrew/qri,9
kevin1024/vcrpy,9
knadh/indexed-cache,9
mitsuhiko/pluginbase,9
mozilla/bleach,9
davidhalter/jedi,9
andrew/dragonfly_example,9
devout-coder/aoa_pracs,9
andrew/ipfs-cohost,9
andrew/ruby-golf-1,9
andrew/template-gem,9
devout-coder/connectify,9
andrew/lightning,9
andrew/contributor_covenant,9
emirozer/fake2db,9
andrew/heatmap,9
andrew/bumble,9
andrew/ya-base62,9
andrew/mastodon,9
andrew/a2-in-memory-web-api,9
knadh/koanf,9
andrew/cid,9
boppreh/keyboard,9
moses-palmer/pynput,9
andrew/webflight-onscreen-keyboard,9
python-happybase/happybase,9
andrew/mesh.js,9
knadh/simplemysql,9
knadh/datuk,9
scottrogowski/code2flow,9
encode/httpx,9
knadh/ctunes,9
andrew/racc,9
andrew/kpeg,9
fighting41love/funNLP,9
knadh/dirmaker,9
andrew/countries,9
knadh/tinytooltip,9
devout-coder/ACDLadders,9
andrew/vllm,9
dpkp/kafka-python,9
andrew/npm-on-ipfs,9
andrew/quadcopter-presentation,9
andrew/aegir,9
andrew/forkbomb,9
andrew/js-ipfs-http-client,9
andrew/learn-npm,9
keunwoochoi/kapre,9
jab/bidict,9
andrew/fastlane,9
andrew/sidekiq,9
mailgun/flanker,9
andrew/http-api-docs,9
andrew/go-ipfs,9
django-tastypie/django-tastypie,9
andrew/ian,9
jpadilla/pyjwt,9
andrew/brewery,9
andrew/js-datastore-s3,9
mongodb/mongo-python-driver,9
andrew/node-xbox-controller,9
andrew/nft.storage,9
andrew/robotsconf,9
knadh/floatype.js,9
rsalmei/alive-progress,9
boppreh/mouse,9
mahmoud/boltons,9
facebook/PathPicker,9
andrew/jquery.inview,9
devout-coder/StalkStock,9
carlosescri/DottedDict,9
WhyNotHugo/python-barcode,9
andrew/npm-ipfs,9
andrew/faraday_middleware-aws-sigv4,9
gevent/gevent,9
knadh/tg-archive,9
andrew/publicsuffix-ruby,9
python-attrs/attrs,9
sympy/sympy,9
andrew/ar-drone-rest,9
andrew/buzzfeed,9
andrew/react-native-app-intro,9
andrew/js-ipfs-repo,9
jazzband/geojson,9
pyca/pynacl,9
andrew/node-serialport,9
andrew/kelly-keating-utils,9
andrew/orbit-db-test-utils,9
fxsjy/jieba,9
andrew/ardrone-webflight,9
pricingassistant/mrq,9
andrew/vaishnavi-iyer-utils,9
devout-coder/devout-coder.github.io,9
andrew/ipfs-css,9
hanzalahwaheed/obsidian-media-db-plugin,9
knadh/bigreddy,9
emcconville/wand,9
andrew/purl,9
openstack/cliff,9
andrew/gbnc,9
andrew/gitballs,9
andrew/pinning-services-api-spec,9
borgbackup/borg,9
andrew/octokit.rb,9
hi-primus/optimus,9
jmcnamara/XlsxWriter,9
andrew/clasher,9
coleifer/micawber,9
andrew/mailgun_email_validator,9
andrew/hubot-scripts,9
evhub/coconut,9
andrew/local-offline-collab,9
dabeaz/ply,9
andrew/flipper,9
andrew/cucumber-ruby,9
andrew/ibeacon-cli,9
devout-coder/hostel_finder,9
mher/flower,9
andrew/cardsagainsthumanity,9
devout-coder/catchup,9
jschneier/django-storages,9
andrew/react-native-router-flux,9
andrew/hell-is-other-peoples-code,9
devout-coder/py-sem4,9
andrew/manyfold,9
knadh/dont.build,9
cobrateam/splinter,9
PrefectHQ/prefect,9
devout-coder/dotfiles,9
buildout/buildout,9
andrew/whatsinaname,9
andrew/octicons-rails,9
dfunckt/django-rules,9
Pylons/waitress,9
andrew/ruby-ipfs-api,9
andrew/formview,9
coleifer/huey,9
nficano/python-lambda,9
boto/boto3,9
andrew/citrus,9
andrew/interface-js-ipfs-core,9
andrew/libp2p-dht-scrape-client,9
py2exe/py2exe,9
nvbn/thefuck,9
andrew/compass-recipes,9
knadh/xmlutils.py,9
dbcli/pgcli,9
robinhood/faust,9
andrew/webpack-bundle-analyzer,9
andrew/qrtag,9
ionelmc/python-hunter,9
andrew/package-managers,9
pyqtgraph/pyqtgraph,9
devout-coder/config_files,9
datafolklabs/cement,9
andrew/.github,9
devout-coder/hostelp,9
andrew/vestibule,9
benfred/py-spy,9
Lightning-AI/pytorch-lightning,9
andrew/sidekiq-mcp,9
andrew/bathruby-2015,9
google/yapf,9
andrew/homebrew-qri,9
facebookresearch/hydra,9
patrys/httmock,9
andrew/hellococoa,9
benavlabs/fastcrud,9
Tencent/rapidjson,9
dbcli/mycli,9
andrew/blog,9
knadh/csssprite,9
oauthlib/oauthlib,9
andrew/vcr,9
andrew/ipfs-docs,9
andrew/open-source-metrics,9
lorien/grab,9
nucleic/enaml,9
knadh/go-get-youtube,9
flask-api/flask-api,9
dashingsoft/pyarmor,9
knadh/yesqlr,9
pyinstaller/pyinstaller,9
devout-coder/Ayuda,9
dahlia/awesome-sqlalchemy,9
andrew/flipSource,9
andrew/spreadsheet,9
andrew/harlemshake.js,9
josephreisinger/vowpal_porpoise,9
josephmisiti/awesome-machine-learning,9
andrew/gulp-inline,9
sanic-org/sanic,9
PetrochukM/PyTorch-NLP,9
dylanaraps/pywal,9
andrew/patchwork,9
rq/rq,9
knadh/hugo-ink,9
chardet/chardet,9
andrew/roadmap,9
andrew/alaveteli,9
andrew/rubygems,9
faif/python-patterns,9
andrew/wwwd,9
andrew/node-ev3-robot,9
andrew/ipfs-blob-store,9
facebookresearch/pytext,9
andrew/orbit-db-access-controllers,9
andrew/RTanque,9
andrew/languages,9
pydantic/pydantic,9
gleitz/howdoi,9
psf/requests,9
andrew/opencollective,9
andrew/webshaped,9
andrew/wikicloth,9
beetbox/beets,9
pybuilder/pybuilder,9
andrew/redis-keyspace,9
mhammond/pywin32,9
andrew/wansview,9
knadh/jqdialog,9
andrew/Ghost,9
andrew/andi-utils,9
devout-coder/CertificateGenerator,9
andrew/toml-rb,9
marshmallow-code/webargs,9
andrew/state-of-oss-funding,9
python-rope/rope,9
martinblech/xmltodict,9
flask-restful/flask-restful,9
andrew/feedjira,9
devout-coder/competitest.nvim,9
andrew/go-ipfs-api,9
keras-team/keras,9
django-compressor/django-compressor,9
ionelmc/python-manhole,9
realpython/list-of-python-api-wrappers,9
devout-coder/stratzy_assignment,9
hugapi/hug,9
saffsd/langid.py,9
ronaldoussoren/py2app,9
andrew/gobot,9
andrew/attr_encrypted,9
andrew/sassruby,9
kiddouk/redisco,9
andrew/rspec_timeout,9
andrew/ultimate-awesome,9
andrew/webflight-trollface,9
knadh/gtbump,9
andrew/fuubar,9
andrew/yomu,9
pgjones/hypercorn,9
marshmallow-code/marshmallow,9
andrew/filecoin-docs,9
andrew/api.spreecommerce.com,9
andrew/snooze,9
PyCQA/flake8,9
aizvorski/scikit-video,9
andrew/InnovationSprint2025_Extending_Software_Metadata,9
python-trio/trio,9
planetopendata/awesome-sqlite,9
andrew/node-gps,9
andrew/em-shortener,9
mitsuhiko/unp,9
Pylons/colander,9
gawel/pyquery,9
andrew/helloworlds,9
davidhalter/jedi-vim,9
ryanmcgrath/twython,9
noxrepo/pox,9
andrew/PBOM,9
ScrapeGraphAI/toonify,9
knadh/indic.page,9
devout-coder/spell_checker,9
devout-coder/OpynGPT,9
DmytroLitvinov/awesome-flake8-extensions,9
knadh/otpgateway,9
pythonnet/pythonnet,9
html5lib/html5lib-python,9
andrew/all-the-package-names,9
knadh/chunkedreader,9
andrew/rack-timeout,9
andrew/artoo,9
andrew/gaby-utils,9
jet-admin/jet-bridge,9
cython/cython,9
andrew/node-redown,9
grantjenks/python-sortedcontainers,9
andrew/emoji-1,9
Theano/Theano,9
pyeve/cerberus,9
gunnery/gunnery,9
andrew/thoughtless,9
lericson/pylibmc,9
andrew/node-shortener,9
andrew/ruby-upgrade-action,9
andrew/gamertag,9
aboSamoor/polyglot,9
cdgriffith/Box,9
MongoEngine/mongoengine,9
andrew/selenium,9
mozillazg/python-pinyin,9
psycopg/psycopg,9
mwaskom/seaborn,9
deanmalmgren/textract,9
andrew/pagy,9
0rpc/zerorpc-python,9
matplotlib/matplotlib,9
andrew/giftlist,9
andrew/cocos2d-experiment,9
andrew/ruby-golf,9
jazzband/pip-tools,9
knadh/ml2en,9
andrew/ipfs-http-client,9
andrew/module_import,9
pyenv/pyenv,9
andrew/jquery-uk,9
andrew/rainbowd.js,9
madmaze/pytesseract,9
redis/redis-py,9
devout-coder/BlackHole,9
pallets/itsdangerous,9
andrew/how_much,9
pallets/werkzeug,9
andrew/drone-dancemat,9
chapmanb/bcbb,9
andrew/excon,9
andrew/instascraper,9
andrew/bundler,9
andrew/vim-awesome,9
andrew/trellocopter,9
gotcha/ipdb,9
andrew/linuxbrew.github.io,9
andrew/situation-clock,9
andrew/engine,9
dbcli/litecli,9
PyMySQL/mysqlclient,9
devout-coder/arch-setup,9
andrew/libsass,9
jorgenschaefer/elpy,9
andrew/eventHUD,9
andrew/grunt-nodecopter,9
nose-devs/nose2,9
fly-apps/hello-fastapi,9
devout-coder/futurekonnect,9
markusschanta/awesome-jupyter,9
django-haystack/pysolr,9
andrew/twitter,9
andrew/go-ipfs-cmds,9
andrew/3D-contributions,9
bokeh/bokeh,9
DLR-RM/stable-baselines3,9
andrew/gbnc-sessions,9
andrew/rack-accepts,9
andrew/bootstrap-sass,9
clips/pattern,9
getpelican/pelican,9
magenta/magenta,9
dateutil/dateutil,9
FactoryBoy/factory_boy,9
andrew/now,9
sdispater/orator,9
benhamner/Metrics,9
andrew/ar-drone-dancer,9
andrew/rumbl,9
andrew/brew,9
andrew/os-release,9
andrew/rails,9
nicfit/eyeD3,9
andrew/crypto-ecosystems,9
codelucas/newspaper,9
Textualize/rich,9
knadh/otpgateway-solsms,9
kootenpv/yagmail,9
daviddrysdale/python-phonenumbers,9
gruns/icecream,9
Kozea/pygal,9
knadh/dictpress-tts,9
knadh/CANT24,9
andrew/codemontage,9
paramiko/paramiko,9
jazzband/tablib,9
beetbox/audioread,9
modoboa/modoboa,9
jiaaro/pydub,9
andrew/sidekiq-unique-jobs,9
amitt001/delegator.py,9
andrew/engine.io,9
devpi/devpi,9
lektor/lektor,9
quodlibet/mutagen,9
andrew/dotfiles,9
andrew/www,9
andrew/emoji,9
IronLanguages/ironpython3,9
andrew/ticketapp,9
andrew/sys-filesystem,9
andrew/npm-go-ipfs,9
andrew/drone-xbox-controller,9
SCons/scons,9
MechanicalSoup/MechanicalSoup,9
andrew/explore,9
andrew/feeddit,9
dask/dask,9
microsoft/PTVS,9
knadh/highlighted-input.js,9
getnikola/nikola,9
andrew/cid-utils-website,9
AtsushiSakai/PythonRobotics,9
laixintao/iredis,9
dry-python/returns,9
andrew/hubot-nodecopter,9
kurtmckee/feedparser,9
andrew/Nodecopter.app,9
andrew/github-plus,9
HBNetwork/python-decouple,9
knadh/simpleplanner,9
dmlc/xgboost,9
ZoomerAnalytics/xlwings,9
knadh/paginator,9
andrew/node-wii-controller,9
s3tools/s3cmd,9
eliben/pyelftools,9
django-cache-machine/django-cache-machine,9
HypothesisWorks/hypothesis,9
librosa/librosa,9
jeffknupp/sandman2,9
geopy/geopy,9
andialbrecht/sqlparse,9
andrew/andrew-nesbitt,9
devout-coder/flutter_accessibility_service,9
andrew/hackference-2014,9
andrew/go-libp2p-examples,9
quantopian/zipline,9
pallets/markupsafe,9
andrew/socksify-ruby,9
knadh/pfxsigner,9
facebook/pyre-check,9
andrew/david-www,9
andrew/go-dnslink,9
andrew/slingshot,9
elastic/elasticsearch-dsl-py,9
andrew/gender_detector,9
python-openxml/python-docx,9
openembedded/bitbake,9
andrew/doorkeeper,9
andrew/hipsternews,9
andrew/rails-safe-tasks,9
pudo/dataset,9
andrew/deploytracking,9
python-excel/xlwt,9
justquick/django-activity-stream,9
lyst/lightfm,9
pyparsing/pyparsing,9
andrew/autoprefixer-rails,9
mozilla/unicode-slugify,9
robotframework/robotframework,9
andrew/js-client,9
andrew/zizmor-research,9
andrew/vers,9
knadh/dragmove.js,9
NicolasHug/Surprise,9
knadh/go-pop3,9
andrew/coderwall,9
andrew/andrew,9
andrew/admin,9
knadh/tinyauth,9
andrew/node-dancemat,9
Instagram/MonkeyType,9
andrew/pry-byebug,9
psf/black,9
andrew/instareader,9
andrew/moods,9
andrew/mnml,9
python/mypy,9
andrew/euler,9
spotify/annoy,8
falconry/falcon,8
tensorflow/tensorflow,8
spotify/luigi,8
unoconv/unoconv,8
spulec/freezegun,8
tmux-python/tmuxp,8
worldveil/dejavu,8
wireservice/csvkit,8
wooey/Wooey,8
sunainapai/makesite,8
arrow-py/arrow,8
thumbor/thumbor,8
saltstack/salt,8
tylerlaberge/PyPattyrn,8
tmux/tmux,8
vinta/pangu.py,8
streamlit/streamlit,8
sloria/doitlive,8
simonw/sqlite-utils,8
sqlalchemy/dogpile.cache,8
simonw/datasette,8
trustedsec/social-engineer-toolkit,8
tschellenbach/Stream-Framework,8
ziadoz/awesome-php,8
selwin/python-user-agents,8
typeddjango/awesome-python-typing,8
stanfordnlp/stanza,8
vinta/awesome-python,8
tornadoweb/tornado,8
seatgeek/fuzzywuzzy,8
statsmodels/statsmodels,8
secdev/scapy,8
twisted/twisted,8
timofurrer/awesome-asyncio,8
tayllan/awesome-algorithms,8
skorokithakis/shortuuid,8
vispy/vispy,8
JaidedAI/EasyOCR,8
stchris/untangle,8
zopefoundation/ZODB,8
twisted/treq,8
tyiannak/pyAudioAnalysis,8
un33k/python-slugify,8
tqdm/tqdm,8
sehmaschine/django-grappelli,8
shahraizali/awesome-django,8
urllib3/urllib3,8
scrapy/scrapy,8
pennersr/django-allauth,8
uralbash/awesome-pyramid,8
zappa/Zappa,8
sqlmapproject/sqlmap,8
sebastien/cuisine,8
wsvincent/awesome-django,8
sergree/matchering,8
stephenmcd/hot-redis,8
spyder-ide/spyder,8
timofurrer/try,8
thauber/django-schedule,8
tartley/colorama,8
sorrycc/awesome-javascript,7
sirfz/tesserocr,7
shagun6093/FRCE_Hackathon,2
MAMTA137/WorkWave,2
MAMTA137/HealthScanPro,2
kausthub-kannan/GIST3DR,2
ghuntley/how-to-build-a-coding-agent,2
adi790uu/404-sih,2
MAMTA137/Animated-signup,2
AbhinavNaman/major-project,2
divyashah0510/DSA_CODES,2
timescale/pgai,1
APKLab/APKLab,1
codewithsadee/innohub,1
Kaustubh-Natuskar/moreThanFAANGM,1
b001io/wagner-fischer,1
kefir500/apk-editor-studio,1
Platane/snk,1
kunal-kushwaha/DSA-Bootcamp-Java,1
Olivr/free-domain,1
gsoni1/taxes.fyi,1
antiwork/flexile,1
ThioJoe/ThioJoe-AHK-Scripts,1
badmojr/1Hosts,1
microsoft/qlib,1
kilimchoi/engineering-blogs,1
tursodatabase/libsql,1
punkpeye/awesome-mcp-servers,1
dubinc/dub,1
genieincodebottle/generative-ai,1
Mail-0/Zero,1
modelcontextprotocol/python-sdk,1
ferdium/ferdium-app,1
altstoreio/AltStore,1
manoharreddyporeddy/programming-language-notes,1
Likenttt/eastlake-cloudflare-worker-short-url,1
adityaoberai/Alt-Text-Generator,1
MunGell/awesome-for-beginners,1
hritik5102/Fundamentals_of_DS_ML_DL,1
rajput-hemant/jiosaavn-api-rs,1
download-directory/download-directory.github.io,1
google-gemini/cookbook,1
cs50/cs50.readthedocs.io,1
RajSolai/TextSnatcher,1
ossu/computer-science,1
patrickloeber/genai-tutorials,1
Atlas-OS/Atlas,1
infosecB/awesome-detection-engineering,1
imteekay/web-performance-research,1
astral-sh/ty,1
TrainingByPackt/Natural-Language-Processing-Fundamentals,1
kognise/arpchat,1
deepseek-ai/DeepEP,1
dnaprawa/dockerfile-best-practices,1
jpmorganchase/python-training,1
AmruthPillai/Reactive-Resume,1
SYSTRAN/faster-whisper,1
hardikvasa/webb,1
frappe/erpnext,1
vllm-project/vllm,1
browserbase/stagehand,1
christabor/flask_jsondash,1
mannekeenpis/100-days-of-python,1
us-udacity/us-udacity.github.io,1
tandpfun/skill-icons,1
haoel/leetcode,1
fontseca/fontseca.dev,1
FabioBaroni/CVE-2024-3094-checker,1
Aarif123456/modern-deedy,1
ddworken/GooglePhotosStorage,1
obsproject/obs-studio,1
avgupta456/github-trends,1
thedev-id/thedev.id,1
bluesky-social/indigo,1
vaphes/pocketbase,1
fffaraz/awesome-cpp,1
martinellich/vaadin-jooq-archetype,1
once-ui-system/magic-portfolio,1
AstraExt/astra-monitor,1
jakegut/resume,1
navidrome/navidrome,1
jekyll/jekyll,1
justsaumit/dmenu,1
AGI-Edgerunners/LLM-Agents-Papers,1
zurawiki/gptcommit,1
ThomasRinsma/pdftris,1
eriklindernoren/ML-From-Scratch,1
sihaelov/moceen,1
tailwindlabs/prettier-plugin-tailwindcss,1
themeselection/sneat-bootstrap-html-admin-template-free,1
brenfrrs/flasksql,1
Multiwoven/multiwoven,1
Simatwa/python-tgpt,1
codemirror/dev,1
rust-lang/rust,1
supermemoryai/supermemory,1
AlexBSoft/win95.css,1
aishwaryanr/awesome-generative-ai-guide,1
marcomq/tauri-plugin-python,1
rbenv/rbenv,1
localsend/localsend,1
tfredrich/RestApiTutorial.com,1
TheAlgorithms/Java,1
apivideo/ffprobeavideo,1
malmeloo/FindMy.py,1
missing-semester/missing-semester,1
codewithsadee/jack-portfolio,1
unslothai/notebooks,1
voidranjer/htmx-flask-crudapp,1
danielgatis/rembg,1
Fission-AI/OpenSpec,1
ufal/SimulStreaming,1
lukasz-madon/awesome-remote-job,1
codewithsadee/desinic,1
zhanymkanov/fastapi_production_template,1
smol-ai/GodMode,1
huggingface/transformers.js,1
wiz64/saavn-web-ui,1
public-apis/public-apis,1
TryGhost/Ghost,1
CodingChallengesFYI/SharedSolutions,1
nolesapex/DidMySettingsChange,1
stitionai/devika,1
bchiang7/v4,1
hkdobrev/cleanmac,1
training-mode/ruby,1
pixelfed/pixelfed,1
pallets/quart,1
antiwork/gumroad,1
imteekay/crafting-frontend,1
langchain-ai/multi-modal-researcher,1
namidaco/namida,1
j4wg/interview-coder-withoupaywall-opensource,1
vsp4/codechef-rating-predictor,1
censored1948/CompanyList,1
hak5/usbrubberducky-payloads,1
n3a9/google-foobar,1
not-an-aardvark/lucky-commit,1
mlc-ai/mlc-llm,1
Emosans/PingPong,1
SpotX-Official/SpotX,1
xtekky/chatgpt-clone,1
DenverCoder1/readme-typing-svg,1
Raphire/Win11Debloat,1
mufeedvh/pdfrip,1
xizhang20181005/Leetcode_company_frequency,1
readtedium/udm14,1
TeamNewPipe/NewPipe,1
cynthia/WorldWideWeb,1
HermanMartinus/bearblog,1
GrapheneOS/Camera,1
KathanP19/HowToHunt,1
SevaSk/ecoute,1
Altafalam3/SQL-LAB,1
camenduru/text-generation-webui-colab,1
moja-global/FLINT-UI,1
corecoding/Vitals,1
floating-ui/floating-ui,1
EmilyShepherd/ota-tool,1
Nutlope/whisper,1
Pixelkit/PixelKit-Bootstrap-UI-Kits,1
pyodide/pyodide,1
wasp-lang/wasp,1
gskinnerTeam/flutter_vignettes,1
l1npengtul/nokhwa,1
FFmpeg/asm-lessons,1
matiassingers/awesome-readme,1
PabloMK7/citra,1
riti2409/Resources-for-preparation-Of-Placements,1
Open-Deep-ML/DML-OpenProblem,1
tanmoysrt/kodex,1
poteto/hiring-without-whiteboards,1
codewithsadee/cryptex,1
domferr/Linux-PowerToys,1
bluesky-social/social-app,1
dpgaspar/Flask-AppBuilder,1
Domi04151309/BatteryTool,1
fossunited/forklore,1
tarampampam/domains,1
FourCoreLabs/TrustedInstallerPOC,1
kunalx86/lambda-coders-study-buddy,1
johnbean393/Sidekick,1
grafana/grafana,1
cesar19004/wp-content-downloader,1
yoavg/pdf-tab-renamer,1
shadps4-emu/shadPS4,1
di-sukharev/opencommit,1
grpc-ecosystem/grpc-spring,1
fayazara/pocketvue,1
vitalik/django-ninja,1
algorithmica-org/algorithmica,1
pontusab/directories,1
piotrkulpinski/openalternative,1
WinMerge/winmerge,1
kuchin/awesome-cto,1
Abhinandan-Khurana/PhishSleuth,1
oscar0812/ApktoolFX,1
ItIsMeCall911/Course-Piracy-Index,1
web3templates/nextly-template,1
yeongpin/cursor-free-vip,1
hkirat/Algorithmic-Resources,1
31b4/Leetcode-Premium-Bypass,1
typefully/minimal-twitter,1
AnasImloul/Leetcode-Solutions,1
astral-sh/rye,1
stratumauth/app,1
jamiebuilds/the-super-tiny-compiler,1
HarshKapadia2/phone-book,1
microsoft/PowerToys,1
initstring/linkedin2username,1
localstack/localstack,1
shashankrustagi/DSA-IITD-NaveenGarg,1
raymanfx/eye-rs,1
codedex-io/python-101,1
gibsjose/cpp-cheat-sheet,1
openai/grok,1
dan5py/turborepo-shadcn-ui,1
backspacetg/simul_whisper,1
briehq/brie-extension,1
datalab-to/marker,1
gptme/gptme,1
buridan-ui/ui,1
permissionlesstech/bitchat,1
mlabonne/graph-neural-network-course,1
KartikLabhshetwar/stage,1
patrickloeber/python-fun,1
hackercouch/hackercouch,1
Hacker0x01/react-datepicker,1
saipranay47/bento-grid-portfolio,1
authlib/authlib,1
archcraft-os/archcraft,1
COPS-IITBHU/GSoC-Accepted-Proposals,1
Wyattwalls/system_prompts,1
microsoft/markitdown,1
facebook/docusaurus,1
abint7/free-domains,1
kautukkundan/KryptoMedia---Tokenizing-Digital-Media-Content,1
google/bumble,1
hsnice16/email-verifier,1
arshzip/webtypist,1
twitter/the-algorithm,1
byrantech/laptop,1
plbrault/youre-the-os,1
Octet3290/Leetcode-Questions,1
aradzie/keybr.com,1
shagun6093/DSA-PRACTICAL,1
kafbat/kafka-ui,1
Stability-AI/stablediffusion,1
HeroTools/open-whispr,1
mifi/lossless-cut,1
tusharnankani/E-Laaj,1
reflex-dev/reflex,1
akhilkammila/leetcode-screenshotter,1
paarth-arkadi/Java_Programs_Mumbai_University,1
nomi811/clickable-icons-to-readme,1
markets/invisible_captcha,1
kakawait/hugo-tranquilpeak-theme,1
huggingface/transformers,1
danny-avila/LibreChat,1
zed-industries/zed,1
kiwibrowser/src,1
wseagar/eight-dollars,1
ntdevlabs/tiny11builder,1
QasimWani/LeetHub,1
MysteryVaibhav/leetcode_company_wise_questions,1
sigma67/ytmusicapi,1
faizanxmulla/sql-portfolio,1
sensepost/objection,1
sumitkolhe/jiosaavn-api,1
nikitasius/Telegraher,1
juspay/purescript-presto,1
shantanuparabumd/automate_linkedin,1
testdrivenio/flask-htmx-tailwind,1
apple/containerization,1
Schwartzblat/WhatsAppPatcher,1
conductor-oss/conductor,1
viveknamaye/TSEC_MASHUPS_2022,1
supermemoryai/cloudflare-saas-stack,1
davidarroyo1234/InstagramUnfollowers,1
hastagAB/Awesome-Python-Scripts,1
PostgREST/postgrest,1
ajeetdsouza/zoxide,1
patchy631/ai-engineering-hub,1
Swordfish90/Lemuroid,1
AppFlowy-IO/AppFlowy,1
AllThingsSmitty/css-protips,1
gdgc-ace/ResumeBuilder,1
eddiewebb/hugo-resume,1
gabrielgodoy-zz/github-stars-manager,1
Emosans/ObstacleGame,1
frappe/bench,1
tusharnankani/talks,1
open-compass/VLMEvalKit,1
ohyicong/decrypt-chrome-passwords,1
Djdefrag/QualityScaler,1
bytedance/monolith,1
sigoden/aichat,1
Emosans/recipe-app,1
helix-editor/helix,1
Nutlope/alt-text-generator,1
InstaPy/instagram-profilecrawl,1
Portkey-AI/gateway,1
INF1NUM/APKToolGUI,1
atlassian/react-beautiful-dnd,1
Snbig/InstaTrack,1
bromite/bromite,1
codezonediitj/pydatastructs,1
SammanSarkar/GSoC_archive_2025,1
openpcc/openpcc,1
mlabonne/llm-autoeval,1
scottyab/rootbeer,1
PacktPublishing/LLM-Engineers-Handbook,1
toon-format/toon,1
rachitiitr/DataStructures-Algorithms,1
HarshKapadia2/preview-markdown,1
GokuMohandas/Made-With-ML,1
parubok/awesome-swing,1
docling-project/docling,1
PaddlePaddle/PaddleOCR,1
SafeExamBrowser/seb-mac,1
Leader-board/OA-and-Interviews,1
mui/material-ui,1
carloscuesta/gitmoji,1
naklecha/llama3-from-scratch,1
gsoc-cn/gsoc-cn,1
GeneralMills/pytrends,1
kevinanielsen/go-fast-cdn,1
Altafalam3/Guess-the-number-with-voice-assistant,1
Charmve/LeetCode4FLAG,1
deepdoctection/deepdoctection,1
codewithsadee/vcard-personal-portfolio,1
Bhupesh-V/30-seconds-of-cpp,1
jeet-dekivadia/google-deepmind,1
abhi16180/photon,1
Kong/insomnia,1
microsoft/BitNet,1
twbs/bootstrap,1
kubernetes/kubernetes,1
lyogavin/airllm,1
huggingface/open-r1,1
cocktailpeanut/dalai,1
collabora/WhisperLive,1
ajaxray/geek-life,1
noirbizarre/flask-restplus,1
jadechoghari/roomi,1
Manjunath0408/CPSnippets,1
prisma/prisma,1
freelabz/secator,1
trekhleb/javascript-algorithms,1
mr-rizwan-syed/chomtesh,1
justdeleteme/justdelete.me,1
PrithivirajDamodaran/Gramformer,1
skills/secure-code-game,1
codewithsadee/fitlife,1
openai/openai-python,1
abdulrcs/abdulrahman.id,1
yashbhangale/lenovo-vantage-features-for-linux,1
practical-tutorials/project-based-learning,1
dillionverma/portfolio,1
kucherenko/jscpd,1
auth0/jwt-handbook-samples,1
TNTwise/REAL-Video-Enhancer,1
spipm/Depixelization_poc,1
asyncapi/website,1
reactive-python/reactpy,1
andrewyng/aisuite,1
codewithsadee/dashboard,1
twentyhq/twenty,1
n3d1117/chatgpt-telegram-bot,1
yokoffing/filterlists,1
Aldeshov/ADBFileExplorer,1
sridhar-sp/tic-tac-toe-backend,1
pawanjenu/LeetcodeSessionManager,1
isanchop/stuhack,1
google-ai-edge/gallery,1
sparckles/starfyre,1
dkrivoruchko/ScreenStream,1
adrianhajdin/project_hoobank,1
mitul-s/mitul.ca,1
github/github-mcp-server,1
deepseek-ai/DeepSeek-Coder,1
EvanZhouDev/polycompiler,1
bowser-js/bowser,1
dgtlmoon/changedetection.io,1
SwishHQ/spread,1
pickle-com/glass,1
Rolstenhouse/unofficial-apis,1
youssefHosni/Data-Science-Handbook,1
microsoft/edit,1
peterlamar/python-cp-cheatsheet,1
adrianhajdin/portfolio,1
tailwindlabs/tailwindcss,1
heyform/heyform,1
rpgeeganage/pII-guard,1
SiddhantDembi/SEM-7-Previous-Year-Papers,1
batuhanbilginn/nextjs-portfolio-bento-style,1
patzly/doodle-android,1
cs50/python-cs50,1
open-draft/strict-event-emitter,1
WeMakeDevs/roadmaps,1
MiCode/Xiaomi_Kernel_OpenSource,1
OpenHands/OpenHands,1
swapnakpanda/Infographics,1
thiswillbeyourgithub/AnkiAIUtils,1
PrajwalDhule/Chromafy,1
langfuse/langfuse,1
safzanpirani/acecoder-open,1
Cobenian/shai-hulud-detect,1
awslabs/graphstorm,1
gradio-app/gradio,1
apple/ml-stable-diffusion,1
EvanZhouDev/llm.pdf,1
yangshun/tech-interview-handbook,1
realvjy/coolshapes-react,1
prateekv2003/pokedex,1
european-summer-of-code/esoc2025,1
spring-projects/spring-framework,1
project-gauntlet/gauntlet,1
paralleldrive/cuid2,1
greasemonkey/greasemonkey,1
hiyouga/LLaMA-Factory,1
rdbende/Sun-Valley-ttk-theme,1
SumilSuthar197/Sem3-labs,1
sandino63/Interview,1
linexjlin/GPTs,1
fossology/FOSSologyUI,1
endingwithali/another-computer-history-media-list,1
mathialo/bython,1
codewithsadee/pixology,1
shakacode/react_on_rails,1
naptha/tesseract.js,1
JunkFood02/Seal,1
Nothing-Developer-Programme/Glyph-Developer-Kit,1
Py-Contributors/AlgorithmsAndDataStructure,1
lrh2000/Xiaomi-bootloader,1
aipotheosis-labs/aci,1
shushrutsharma/Data-Structures-and-Algorithms-Python,1
kiwibrowser/src.next,1
oven-sh/bun,1
sohzm/systemAudioDump,1
ingbrzy/Xiaomi.eu-MIUIv14-XML-Compare,1
mohitmishra786/amILearningEnough,1
ObservedObserver/streamlit-shadcn-ui,1
StarsfieldAI/R1-V,1
sukritishah15/DS-Algo-Point,1
fabrik42/responsive_mockups,1
hritik2002/youtube-transcriber-summarizer,1
freeCodeCamp/freeCodeCamp,1
upscayl/upscayl,1
mlabonne/llm-datasets,1
glomatico/votify,1
ekakshjanweja/NotWhatsapp,1
datavorous/yars,1
bmild/nerf,1
intentee/paddler,1
kanuarj/tsecSTTP,1
janhq/jan,1
wailsapp/wails,1
khoj-ai/khoj,1
krishnadey30/LeetCode-Questions-CompanyWise,1
OmkarPathak/pyresparser,1
lalit2005/paperclip,1
ardiereally/sysdesign-references,1
TheAirBlow/HyperSploit,1
AikidoSec/safe-chain,1
twitter/the-algorithm-ml,1
mastermunj/format-utils,1
cblgh/monotome,1
MlgmXyysd/Xiaomi-HyperOS-BootLoader-Bypass,1
LuisaE/opportunities,1
privacytests/privacytests.org,1
hritik2002/Leetcode-Problem-Hider,1
Emosans/notes-app,1
resemble-ai/chatterbox,1
ryoppippi/ccusage,1
jundymek/free-proxy,1
sridhar-sp/tic-tac-toe,1
Kyome22/OpenMultitouchSupport,1
cs50/submit50,1
PrathamKumar14/under-5-minutes,1
mintlify/starter,1
vasusen-code/SaveRestrictedContentBot,1
bitcoin/bitcoin,1
aizquier/voyagerimb,1
hzqst/VmwareHardenedLoader,1
ml-tooling/best-of-web-python,1
dockur/windows,1
raymin0223/mixture_of_recursions,1
Impact-I/reFlutter,1
akshayrathod205/Python_Sem-IV,1
SiddhantDembi/SEM-8-Previous-Year-Papers,1
sauravhathi/atsresume,1
tursodatabase/turso,1
ShyrenMore/InterviewPrep,1
spo0ds/Journey-to-become-a-Blockchain-Engineer,1
google/pebble,1
blenderskool/vyaakaran,1
SwatiSTiwari/e-commerce,1
krishnaik06/AI-Engineer-Roadmap-2024,1
cohere-ai/cohere-toolkit,1
codebasics/py,1
mlabonne/linear-programming-course,1
ripienaar/free-for-dev,1
Altafalam3/DSA,1
openclimatefix/pv-site-api,1
expo/expo,1
LogNet/grpc-spring-boot-starter,1
remotion-dev/github-unwrapped-2022,1
leoMirandaa/portfolio,1
SAWARATSUKI/KawaiiLogos,1
onecompiler/cheatsheets,1
JonnyBanana/BANANA_CRASHER,1
gptscript-ai/gptscript,1
yorukot/superfile,1
codewithsadee/pfolio,1
whoozle/android-file-transfer-linux,1
knownsec/aipyapp,1
code100x/muzer,1
elkorf/BEIT,1
fynnfluegge/rocketnotes,1
AntonOsika/gpt-engineer,1
astroncc/astron_app,1
karan/Projects,1
codewithsadee/woodex,1
itsjavi/glasscn-ui,1
themesberg/swipe-one-page-bootstrap-5,1
CSwala/awesome-career-pages,1
MarcTheSpark/TicTacToe,1
flameshot-org/flameshot,1
doczjs/docz,1
cloudcommunity/Free-Certifications,1
lydiahallie/javascript-questions,1
Milansuman/Helios-Browser,1
pytorch/torchtitan,1
adrianhajdin/project_metaverse,1
akshayrathod205/Sem3Programs,1
nuxt/ui,1
cjpais/transcribe-rs,1
freeCodeCamp/LearnToCodeRPG,1
nodejs/node,1
heilcheng/gemma-benchmark,1
wandb/openui,1
kamranahmedse/developer-roadmap,1
blenderskool/blaze,1
damasamirulkarim/go-hexagonal-architecture,1
halfrost/LeetCode-Go,1
realpython/discover-flask,1
OpenAutoCoder/Agentless,1
KlausMikhaelson/Retain,1
abh80/smart-edge,1
ashwinexe/DGU,1
free-domains/register,1
VicodinAbuser/ZTM-DS-and-Algo-Python,1
is-cool-me/register,1
ericdrowell/BigOCheatSheet,1
miguelgrinberg/Flask-SocketIO,1
NVIDIA/garak,1
angkul07/Varnika,1
engineer-man/piston,1
HarshKapadia2/dev,1
DiceDB/dice,1
KittenML/KittenTTS,1
mediumkreation/IndianList,1
LelouchFR/skill-icons,1
xtekky/gpt4free,1
pocketbase/pocketbase,1
koreader/koreader,1
github/india,1
PhialsBasement/Chain-of-Recursive-Thoughts,1
dush1729/Speed-Up-GCC-Compile-Time,1
vercel/streamdown,1
FofaInfo/Awesome-FOFA,1
mastodon/mastodon,1
TakshashilaInst/open-tech-strategy-for-india,1
iammanish17/CP-templates,1
jnsahaj/tweakcn,1
yxshv/yashverma.me,1
langgenius/dify,1
eclipse-sw360/sw360,1
maguowei/starred,1
cachix/devenv,1
KreakEmp/InterviewPrep,1
supabase/supabase,1
Shabinder/SpotiFlyer,1
Python-Markdown/markdown,1
erenkabakci/WWDC-Recap,1
abishekAshukla/Recursion-Striver,1
arshad-yaseen/markdx,1
arpit456jain/DSA-Path-And-Important-Questions,1
LSPosed/LSPosed,1
Emosans/2d-split-game,1
zai-org/GLM-4.5,1
ParthJadhav/Tkinter-Designer,1
geshan/au-companies-providing-work-visa-sponsorship,1
kazuhikoarase/qrcode-generator,1
tinygrad/tinygrad,1
satnaing/astro-paper,1
SafeExamBrowser/seb-server,1
tusharnankani/blurrit,1
firecrawl/firecrawl,1
deniscerri/ytdlnis,1
sdmg15/Best-websites-a-programmer-should-visit,1
Kikobeats/free-email-domains,1
sugarlabs/GSoC,1
kermage/APK-Tools,1
ChartsCSS/charts.css,1
vietnh1009/ASCII-generator,1
sudiptab2100/Wild-Storage,1
race2infinity/The-Documentation-Compendium,1
njraladdin/screen-demo,1
codersguild/System-Design,1
SirusCodes/AntiLang,1
buildwithmalik/PythonCheatSheet,1
mozilla-ai/llamafile,1
topgrade-rs/topgrade,1
wtfaremyinitials/osa-imessage,1
fastapi/typer,1
Alone0316/kernel_mido,1
CircuitVerse/CircuitVerse,1
DataTalksClub/llm-zoomcamp,1
FuccDucc/Fixed_Windows_Debloaters,1
AatmikJain/ComputerScienceBooks,1
apify/crawlee-python,1
razorpay/ifsc,1
hkirat/probo-polymarket-arb,1
zephyrproject-rtos/zephyr,1
floguo/giftbox,1
tomerfiliba-org/reedsolomon,1
ossu/data-science,1
johang/btfs,1
microsoft/monaco-editor,1
taranjeet/unofficial-chatgpt-api,1
gBasil/garden,1
zerotrac/leetcode_problem_rating,1
dheerajdlalwani/migratori,1
MISP/MISP,1
google-gemini/deprecated-generative-ai-python,1
anthropics/claude-cookbooks,1
novuhq/novu,1
Melkeydev/go-blueprint,1
znsio/specmatic-coding-test,1
JadenFurtado/LLaMaO,1
srbhr/Resume-Matcher,1
Sanakan8472/copy-dialog-lunar-lander,1
google/adk-python,1
Snapchat/Valdi,1
ThioJoe/Auto-Synced-Translated-Dubs,1
JohannesKaufmann/html-to-markdown,1
valkey-io/valkey,1
Prat011/free-cluely,1
sumimakito/Awesome-qr.js,1
iina/iina,1
adithya-s-k/AI-Engineering.academy,1
openclimatefix/open-source-quartz-solar-forecast,1
nuxt/content,1
ibraheemdev/modern-unix,1
paurakhsharma/python-microservice-fastapi,1
stackblitz/bolt.new,1
Altafalam3/CPPL-LAB,1
pyscript/pyscript,1
alectrocute/flaskSaaS,1
denysdovhan/wtfjs,1
PeterKwesiAnsah/bitty,1
cloudflare/next-on-pages,1
3b1b/videos,1
2tanayk/kamaths-bot,1
wiwa1978/blog-hugo-netlify-code,1
neetcode-gh/leetcode,1
microsoft/generative-ai-for-beginners,1
2-fly-4-ai/V0-system-prompt,1
nuxt-content/docus,1
henrythe9th/AI-Crash-Course,1
microsoft/RD-Agent,1
codewithsadee/smith-portfolio,1
arshzip/OpenAuthenticator,1
kneasle/sapling,1
ellipse-software/url-shortener,1
sentient-engineering/jobber,1
wingkwong/leetcode-the-hard-way,1
trycua/cua,1
ProtonMail/WebClients,1
mgechev/google-interview-preparation-problems,1
pallets-eco/flask-security-3.0,1
jmbannon/ytdl-sub,1
fontseca/playground,1
event-driven-io/Pongo,1
rsms/inter,1
juspay/hyperswitch,1
Ruben2776/PicView,1
microsoft/ML-For-Beginners,1
trackawesomelist/trackawesomelist,1
deepseek-ai/DeepSeek-V3,1
jimmc414/onefilellm,1
charlax/engineering-management,1
serhii-londar/open-source-mac-os-apps,1
brownan/Reed-Solomon,1
zerodytrash/Simple-YouTube-Age-Restriction-Bypass,1
ElderDrivers/EdXposed,1
meodai/color-names,1
MagicStack/MagicPython,1
Emosans/Sasta-Aimlabs,1
MODSetter/SurfSense,1
therecipe/qt,1
AI4Finance-Foundation/FinRobot,1
Martichou/rquickshare,1
offa/android-foss,1
containerd/containerd,1
numandev1/react-native-decompiler,1
google-deepmind/alphaevolve_results,1
lalit2005/hyperdocs,1
langflow-ai/langflow,1
reflex-dev/reflex-chat,1
dailydotdev/daily,1
DarkWool/cs50-final-project,1
dzhng/deep-research,1
sallar/github-contributions-chart,1
anthdm/wazero,1
is-amazing/register,1
yash0530/InterviewPrepResources,1
barryclark/jekyll-now,1
jamesmontemagno/dotnet-conferences,1
korewaChino/mkbsd-rs,1
dishapatel010/AmazonPayHistoryIN,1
microsoft/typescript-go,1
google-gemini/gemini-fullstack-langgraph-quickstart,1
rtCamp/Frappe-Manager,1
adrcotfas/goodtime,1
mehotkhan/BandersnatchInteractive,1
QuantumByteStudios/codellama-web-ui,1
mdn/content,1
prometheus/client_golang,1
BartoszJarocki/cv,1
OpenCut-app/OpenCut,1
ml-explore/mlx-lm,1
avelino/awesome-go,1
cookiecutter-flask/cookiecutter-flask,1
Dr-TSNG/TwiFucker,1
NirantK/awesome-project-ideas,1
SharukhGV/Great-FREE-Resources,1
ente-io/ente,1
MCPJam/inspector,1
vfsfitvnm/ViMusic,1
KRTirtho/spotube,1
codewithsadee/tourly,1
Yutaka-Sawada/MultiPar,1
DeveloperDowny/most_info_frame_extractor,1
KlausMikhaelson/emoji_mosaic_art,1
ubaltaci/gemini-cli-proxy,1
Upsonic/Upsonic,1
IBM/mcp-context-forge,1
leonardomso/33-js-concepts,1
raihankhan-rk/AgentNet,1
xitanggg/open-resume,1
subinps/TG-WhatsApp,1
ventoy/Ventoy,1
riti2409/DBMS_SQL-Notes,1
Samsung/escargot,1
strazzere/anti-emulator,1
google/ExoPlayer,1
cdbaca/ssg,1
aartaka/pretty.c,1
SirusCodes/picarch,1
florent37/Flutter-AssetsAudioPlayer,1
Aashishkumar123/Python-GUI-Project,1
iBotPeaches/Apktool,1
PrathamKumar14/ChatGPT-Prompts,1
fredericojordan/progress-bar,1
Trae-AI/Trae,1
Ignitetechnologies/Mindmap,1
Cryptogenic/PS5-IPV6-Kernel-Exploit,1
krausest/js-framework-benchmark,1
shagun6093/DBMS-Practical,1
ItzCrazyKns/Perplexica,1
vivekagal1998/mycodeschool_DS,1
theja-m/Data-Structures-and-Algorithms,1
meetalik8/sem4,1
getzola/zola,1
docker-library/ruby,1
sunithvs/devb.io,1
papers-we-love/papers-we-love,1
tiimgreen/github-cheat-sheet,1
QuentinFuxa/WhisperLiveKit,1
codewithsadee/julia-portfolio,1
afshinea/stanford-cme-295-transformers-large-language-models,1
cinit/TMoe,1
ArchiveBox/ArchiveBox,1
codinasion-archive/codinasion-tools,1
Vonter/bmrcl-ridership-hourly,1
DarshilMarathe/Sem3,1
google/leveldb,1
react-native-elements/react-native-elements,1
Emosans/tic-tac-toe,1
mikesprague/udacity-nanodegrees,1
eKoopmans/html2pdf.js,1
guildxyz/guild.xyz,1
abhijithvijayan/stargazed,1
polymorphicshade/Tubular,1
ggml-org/llama.cpp,1
gitwitorg/react-eval,1
clockworklabs/SpacetimeDB,1
j-hc/revanced-magisk-module,1
aandrew-me/tgpt,1
FujiwaraChoki/MoneyPrinter,1
wa0x6e/cal-heatmap,1
vivekpal1/masterlinux,1
ShashankGupta10/YT-Genius,1
ksm26/LangChain-Chat-with-Your-Data,1
SSRTDevs/Twitterify,1
fspv/python-leetcode,1
SirusCodes/portfolio,1
google/generative-ai-docs,1
pymupdf/PyMuPDF,1
farzaa/freewrite,1
Dheerajmadhukar/4-ZERO-3,1
zernonia/vue0,1
Vendicated/Vencord,1
AbhigyanBafna/DuoPort,1
AkashSingh3031/The-Complete-FAANG-Preparation,1
liquidslr/leetcode-company-wise-problems,1
feder-cr/Jobs_Applier_AI_Agent_AIHawk,1
sunarya-thito/shadcn_flutter,1
PhialsBasement/AlphaEvolve-MatrixMul-Verification,1
iamsabbirsobhani/iamsabbirsobhani,1
pytauri/pytauri,1
zeelog/android_device_xiaomi_mido,1
annabelsandford/rabbit-r1-imeigen,1
maxchehab/CSS-Keylogging,1
daveshap/ResumeBuilderGpt3,1
hermannheringer/facet4windows,1
Avaiga/taipy,1
Niez-Gharbi/PDF-RAG-with-Llama2-and-Gradio,1
Serenity0204/LinnnCode,1
simplescaling/s1,1
pnd280/complexity,1
shreyagopal/Phishing-Website-Detection-by-Machine-Learning-Techniques,1
ZathuraDbg/ZathuraDbg,1
apify/crawlee,1
agranya99/MOSS-winnowing-seqMatcher,1
cheran-senthil/PyRival,1
SebiAi/GlyphVisualizer,1
vaibhav31s/Secure-Password-Manager-Using-Django,1
unslothai/unsloth,1
mr-karan/awesome-investing,1
bytedance/web-bench,1
timescale/timescaledb,1
blazickjp/arxiv-mcp-server,1
sarthak0714/CcodesforUT2,1
alfaarghya/alfa-leetcode-api,1
tdewolff/minify,1
open-domains/register,1
Anniepoo/prolog-examples,1
cline/cline,1
codewithsadee/ridex,1
znsio/teswiz,1
freeman-jiang/beatsync,1
codewithsadee/gamics,1
openai/gpt-2,1
codewithsadee/footcap,1
vercel/next-app-router-playground,1
tensorflow/flutter-tflite,1
audacity/audacity,1
xai-org/grok-1,1
gohugoio/hugo,1
ayushi-b/SQL-for-Data-Analysis,1
t3-oss/create-t3-app,1
Gauthamjm007/Backend-NodeJS-Golang-Interview_QA,1
pyfbsdk59/Flask-ChatGPT-TelegramBot-Render,1
spike0en/nothing_archive,1
zerodytrash/YouTube-Internal-Clients,1
codewithsadee/cozynest,1
HamishMW/portfolio,1
technovangelist/videoprojects,1
GorvGoyl/Clone-Wars,1
rashid642/BinaryLifting-Visalizer,1
magicuidesign/magicui,1
CRED-CLUB/propeller,1
tusharnankani/CertificateGenerator,1
ospfranco/sol,1
SirusCodes/backend_benchmark,1
ytdl-org/youtube-dl,1
apple/homebrew-apple,1
privacytools/privacytools.io,1
jhlee0409/claude-code-history-viewer,1
nk-o/jarallax,1
tldr-devops/startpack,1
dipjul/Grokking-the-Coding-Interview-Patterns-for-Coding-Questions,1
AUTOMATIC1111/stable-diffusion-webui,1
fastapi/sqlmodel,1
pydantic/FastUI,1
argmaxinc/WhisperKit,1
meshery/meshery,1
AbhigyanBafna/2yearsOfLabs,1
udacity/python-for-data-science,1
EddieHubCommunity/BioDrop,1
thoqbk/css-optimizer,1
ashishps1/awesome-system-design-resources,1
flutter/flutter,1
realpython/flask-boilerplate,1
adenta/fire_red_agent,1
openai/openai-agents-python,1
anuraghazra/anuraghazra.github.io,1
rust-lang/mdBook,1
Xposed-Modules-Repo/com.darkeyes.tricks,1
trungdq88/Awesome-Black-Friday-Cyber-Monday,1
codewithsadee/portfolio,1
pynvme/pynvme,1
sohzm/cheating-daddy,1
carpedm20/emoji,1
meilisearch/meilisearch,1
gee-community/geemap,1
Runixe786/Macified-Windows,1
kdn251/interviews,1
zen-browser/desktop,1
DSC-VJTI/Kickstart-ML,1
iTaysonLab/HomeFeeder,1
openai/openai-cookbook,1
mohammad-ghaderi/mnist-asm-nn,1
aboutcode-org/aboutcode,1
dataease/SQLBot,1
atlanhq/camelot,1
googleapis/genai-toolbox,1
Qiskit/qiskit,1
NicholasDawson/ArchiverForGooglePhotos,1
files-community/Files,1
kubearmor/KubeArmor,1
keploy/keploy,1
cjpais/Handy,1
ALucek/tool-calling-guide,1
codewithsadee/eduweb,1
TeamPiped/Piped,1
mrdbourke/pytorch-deep-learning,1
codewithsadee/kitter,1
CasperVerswijvelt/Better-Internet-Tiles,1
Abusayid693/Hackathon-website-template,1
deepseek-ai/DeepSeek-R1,1
TSEC-MAD-Club/MAD-Website,1
chartdb/chartdb,1
proj-at/subdomains,1
Redocly/redoc,1
robinmoisson/staticrypt,1
tauri-apps/awesome-tauri,1
aforensics/HiddenVM,1
frappe/gameplan,1
NeoApplications/Neo-Wellbeing,1
microsoft/OmniParser,1
apple/ml-fastvlm,1
codemagic-ci-cd/codemagic-sample-projects,1
Genymobile/scrcpy,1
t3-oss/create-t3-turbo,1
golang/go,1
wdhdev/free-for-life,1
mistralai/mistral-finetune,1
imWildCat/scylla,1
snehasishroy/leetcode-companywise-interview-questions,1
Kristories/awesome-guidelines,1
DataArcTech/GraphSearch,1
zerodha/dungbeetle,1
Emosans/BomberMan,1
vaibhavpandeyvpz/apkstudio,1
madushadhanushka/github-readme,1
dheerajdlalwani/machine-learning-practicals,1
tomer8007/whatsapp-web-incognito,1
ghostty-org/ghostty,1
starandtina/backend-interview-questions,1
Clueless-Community/seamless-ui,1
nordmarin/gsmarena-api,1
google/magika,1
pawelsalawa/sqlitestudio,1
boltgolt/howdy,1
harvard-edge/cs249r_book,1
RitikPatni/Front-End-Web-Development-Resources,1
ionic-team/ionicons,1
jixserver/free-for-dev,1
anthropics/prompt-eng-interactive-tutorial,1
encoredev/encore,1
rand-net/khan-dl,1
sugarlabs/musicblocks,1
yuliskov/SmartTube,1
hridayK/Detection-of-AI-generated-images,1
numpy/numpy,1
Skycoder42/QHotkey,1
vedic-lang/vedic,1
daveearley/screenshot.rocks,1
will-stone/browserosaurus,1
SeleniumHQ/docker-selenium,1
dmno-dev/varlock,1
usebruno/bruno,1
anthropics/claude-quickstarts,1
windirstat/windirstat,1
x1xhlol/system-prompts-and-models-of-ai-tools,1
CorentinJ/Real-Time-Voice-Cloning,1
Magisk-Modules-Repo/adreno-dev,1
Tshadowburn/TechBookHunter_Free-Coding-Interview-Books,1
JoyalAJohney/Realtime-distributed-chat,1
LadybirdBrowser/ladybird,1
ayush5harma/PixelFeatureDrops,1
vasanthk/how-web-works,1
fuergaosi233/claude-code-proxy,1
ShreyaKamath09/SE-DSA-Lab,1
SimonCropp/WinDebloat,1
Elanis/web-to-desktop-framework-comparison,1
jonasstrehle/supercookie,1
mdbootstrap/bootstrap-fluent-design,1
unslothai/hyperlearn,1
Runixe786/Winlock,1
SebiAi/custom-nothing-glyph-tools,1
AKhilRaghav0/ucf_ci,1
eythaann/Seelen-UI,1
SamirPaulb/DSAlgo,1
htop-dev/htop,1
Honest-Hire/Honest-Hire-App,1
mustafaaljadery/lightning-whisper-mlx,1
bddicken/languages,1
X1nto/Mauth,1
apify/fingerprint-suite,1
SumilSuthar197/groww-frontend-assignment,1
open-webui/open-webui,1
SawyerHood/draw-a-ui,1
rtyley/bfg-repo-cleaner,1
jackyzha0/quartz,1
codecrafters-io/build-your-own-x,1
exo-explore/exo,1
drawdb-io/drawdb,1
siyuan-note/siyuan,1
25huizengek1/ViTune,1
walkccc/LeetCode,1
bhavul/System-Design-Cheatsheet,1
OpenTalker/SadTalker,1
Narsil/rdev,1
hxu296/leetcode-company-wise-problems-2022,1
AryanS88/PCPF_SEM3,1
multi-swe-bench/multi-swe-bench,1
Nishith-Savla/Flask-Waf,1
PriontoAbdullah/PriontoAbdullah.github.io,1
yokoffing/Betterfox,1
codewithsadee/homeverse,1
Akascape/py-window-styles,1
arronhunt/highlightjs-copy,1
googleapis/python-genai,1
aryankashyap7/CheatSheets-for-Developers,1
trentm/python-markdown2,1
SwagSoftware/Kisak-Strike,1
khushimehta24/kpup-2,1
Dark-Kernel/tuisic,1
Tichau/FileConverter,1
SumilSuthar197/MAD-LAB,1
kallaway/100-days-of-code,1
c2siorg/Project-Explainer,1
Zomato/espresso,1
dush1729/codechef-rating-predictor,1
ekaranjaa/norman-portfolio,1
SamyPesse/How-to-Make-a-Computer-Operating-System,1
NexaAI/nexa-sdk,1
unclecode/crawl4ai,1
code100x/cms,1
aiplanethub/openagi,1
openclimatefix/open-data-pvnet,1
cncf/glossary,1
darrenburns/elia,1
Nikunjmistry22/Pandas-Helper,1
BhaveshKukreja29/KingsGambit,1
codewithsadee/filmlane,1
Emosans/PointAndClick,1
RNAdvani/devtron,1
LeetSync/LeetSync,1
Nekmo/telegram-upload,1
Shubhamsaboo/awesome-llm-apps,1
smallest-inc/smallest-python-sdk,1
zylon-ai/private-gpt,1
rudradesai200/BrainStellar,1
TheBlewish/Automated-AI-Web-Researcher-Ollama,1
gto76/python-cheatsheet,1
judge0/judge0,1
LargeWorldModel/LWM,1
federico-busato/Modern-CPP-Programming,1
steven2358/awesome-generative-ai,1
aniyomiorg/aniyomi,1
aandrew-me/ytDownloader,1
recnac-itna/Algorithm_Templates,1
dipakkr/A-to-Z-Resources-for-Students,1
QuivrHQ/quivr,1
adap/flower,1
suyash-purwar/hackerrank-vscode,1
trailofbits/anamorpher,1
genai-handbook/genai-handbook.github.io,1
rustdesk/rustdesk,1
Altafalam3/SQLBasics,1
r0x0r/pywebview,1
loveBabbar/CodeHelp-DSA-Busted-Series,1
cs50/check50,1
ni554n/truecallerjs_bot,1
oppia/oppia,1
supermemoryai/markdowner,1
cameri/nostream,1
reflex-dev/awesome-reflex,1
cs50/lectures,1
termux/termux-app,1
PrajwalDhule/gary-oak-badge-exporter,1
harismuneer/Ultimate-Social-Scrapers,1
shukraditya/deepseek-rag,1
microsoft/sudo,1
stanford-oval/storm,1
stanford-futuredata/FrugalGPT,1
langgptai/awesome-claude-prompts,1
Dapunta/TeraDL,1
WindChat-Link/windchat-extension,1
upstash/context7,1
animate-css/animate.css,1
juliangarnier/anime,1
ImKKingshuk/Awesome-CustomROM,1
tobychui/zoraxy,1
wkentaro/gdown,1
siddharthsky/CustTermux,1
microsoft/fluentui-emoji,1
carbon-app/carbon,1
1rgs/claude-code-proxy,1
jlowin/fastmcp,1
browser-use/browser-use,1
requestly/requestly,1
piratemoo/networking.notes,1
NothingOSS/android_kernel_msm-6.1_nothing_sm7635,1
techwithtim/AI-Image-Generator,1
adityatelange/hugo-PaperMod,1
so-sc/devhost-2024,1
autoscrape-labs/pydoll,1
zopefoundation/RestrictedPython,1
JayeshVP24/React-CRUD-Workshop,1
awslabs/llrt,1
btw-so/open-source-alternatives,1
hacksider/Deep-Live-Cam,1
CalebCurry/python,1
gitui-org/gitui,1
tauri-apps/tauri,1
askrella/whatsapp-chatgpt,1
chaitanya0305/JAVA-PROGRAMS-SEM-,1
machiav3lli/alt3rnative,1
HKUDS/LightRAG,1
checkstyle/checkstyle,1
Djdefrag/NiceScaler,1
tramlinehq/tramline,1
nomic-ai/gpt4all,1
tautcony/qart,1
BetterTyped/hyper-fetch,1
HarshKapadia2/networking,1
DataExpert-io/data-engineer-handbook,1
RunaCapital/awesome-oss-alternatives,1
Lissy93/web-check,1
beibuwandeluori/DRCT,1
EbookFoundation/free-programming-books,1
nashsu/FreeAskInternet,1
toeverything/AFFiNE,1
google-gemini/live-api-web-console,1
reiryuki/Miui-Core-Magisk-Module,1
kokasmark/Pype,1
ParisNeo/ollama_proxy_server,1
PokeAPI/sprites,1
cloudflare/cloudflare-python,1
facebook/react,1
LSPosed/LSPatch,1
LibrePhotos/librephotos,1
0x192/universal-android-debloater,1
mainmatter/100-exercises-to-learn-rust,1
goenning/google-indexing-script,1
K3V1991/ADB-and-FastbootPlusPlus,1
lao4j/proxyRepository,1
T0biasCZe/AdbFileManager,1
petermg/Chatterbox-TTS-Extended,1
mozilla-firefox/firefox,1
LSPosed/CorePatch,1
Ramjonchhen/DSA-Practical-Programs,1
StevenBlack/hosts,1
deepseek-ai/FlashMLA,1
JayeshVP24/fontalt,1
google-ai-edge/LiteRT-LM,1
MobSF/Mobile-Security-Framework-MobSF,1
anthropics/skills,1
gauravagrwal/Speech-Recognition-with-Python-and,1
Moustachauve/cookie-editor,1
ashishps1/awesome-low-level-design,1
bipinkrish/Save-Restricted-Bot,1
systemdesignfightclub/SDFC,1
ChrisTitusTech/winutil,1
Adit0507/habit-tracker,1
imteekay/frontend-infrastructure,1
zenfyrdev/bootloader-unlock-wall-of-shame,1
jesseduffield/lazygit,1
trpc/trpc,1
OS-Copilot/OS-Copilot,1
tailark/blocks,1
wilix-team/iohook,1
a-h/templ,1
joho/awesome-code-review,1
blackhatinside/MyCompetitivePythonPractice,1
hritik2002/tag-all,1
InterviewReady/system-design-resources,1
Emosans/BanditGame,1
osdc/minerva,1
Nishith-Savla/Timetable-Generator-Using-Genetic-Algorithm,1
TomSchimansky/CustomTkinter,1
codewithsadee/glowing,1
gorhill/uBlock,1
TheAlgorithms/C-Plus-Plus,1
perrypixel/10x-Tool-Calls,1
ed-donner/llm_engineering,1
httptoolkit/httptoolkit-ui,1
codewithsadee/wren,1
LOLIPOP-INTELLIGENCE/SamPaulAudio,1
CerritusCodersComm/eduJam,1
sherlock-project/sherlock,1
gosub-io/gosub-engine,1
siavash79/PixelXpert,1
MetaCubeX/mihomo,1
lifeparticle/Git-Cheatsheet,1
slgobinath/SafeEyes,1
prasad1909/MedEasey,1
SwatiSTiwari/payment-gateway,1
airbnb/ruby,1
Yuyz0112/dewhale,1
p8952/bocker,1
daya0576/beaverhabits,1
whatotter/cmf-watch-firmware,1
fmaclen/hollama,1
ZenPrivacy/zen-desktop,1
wilsonzlin/minify-html,1
mshumer/autonomous-researcher,1
hack4impact/flask-base,1
libjpeg-turbo/libjpeg-turbo,1
gotray/go-python,1
Zie619/n8n-workflows,1
codewithsadee/anon-ecommerce-website,1
leonboe1/QuickDrop,1
AnthonyByansi/GitHub-Certifications-Preparation-Guides,1
JuliaLang/julia,1
Alkaison/Projects-in-C,1
lookscanned/lookscanned.io,1
Team-HEVC/CertiSure-Final,1
ibelick/zola,1
google-gemini/gemini-cli,1
IceWhaleTech/CasaOS,1
Brandonio-c/ClearComm-NN,1
hiteshchoudhary/react-english,1
MokshitSurana/Cross-Lingual-Text-to-Video-Synthesis-of-Government-Press-Releases,1
codewithsadee/tourest,1
ihasdapie/resume,1
Olow304/memvid,1
resemble-ai/resemble-enhance,1
Homebrew/brew,1
Kingsman44/Pixelify,1
aclap-dev/video-downloadhelper,1
run-llama/create-llama,1
Dineshkarthik/telegram_media_downloader,1
tweepy/tweepy,1
NielsRogge/Transformers-Tutorials,1
aaryanrr/Railway-Management,1
Cinnamon/kotaemon,1
krishnaik06/Roadmap-To-Learn-Generative-AI-In-2025,1
nishantwrp/gsoc-organizations,1
Rudrani26/PCPF-Lab-of-IT-Sem-3,1
tattle-made/feluda,1
cp-algorithms/cp-algorithms,1
algorithmicsuperintelligence/openevolve,1
Ayush170-Future/jailbreak-ctf,1
excalidraw/excalidraw,1
grishka/NearDrop,1
TheOdinProject/curriculum,1
opentofu/manifesto,1
ManavMehta-Official/SkyClub,1
mem0ai/mem0,1
meta-llama/llama-models,1
ihmpavel/free-email-domains-list,1
adixmr/leetcode,1
AndroidIDEOfficial/AndroidIDE,1
LAKSH3002/DSA_SEM3,1
Stirling-Tools/Stirling-PDF,1
offici5l/MiTool,1
Significant-Gravitas/AutoGPT,1
SaketThota/CP-templates,1
ncjpr04/X-Twitter-Auto-Unfollower,1
Schweinepriester/github-profile-achievements,1
RVC-Boss/GPT-SoVITS,1
Emosans/Todo_app,1
ask0ldd/OsspitaUI,1
donnemartin/system-design-primer,1
VipinindKumar/Webliza,1
build-on-aws/cloud-clubs-learner-library,1
ByteByteGoHq/system-design-101,1
thienlongtran/resume-update-overleaf-sync,1
zernonia/keypress,1
getumbrel/llama-gpt,1
jwasham/coding-interview-university,1
FFmpeg/FFmpeg,1
mlabonne/how-to-data-science,1
m-bain/whisperX,1
CheckPointSW/InviZzzible,1
ruby/ruby,1
yashsehgal/todo_application,1
linkedin/school-of-sre,1
justsaumit/Android-BTS-QuickDisconnectSetting,1
modular/modular,1
AndnixSH/APKToolGUI,1
oracle/guardian-ai,1
razorpay/razorpay-mcp-server,1
madeindjs/api_on_rails,1
D-codE-Hub/Frappe-ERPNext-Version-14--in-Ubuntu-22.04-LTS,1
abi/screenshot-to-code,1
FoundationAgents/OpenManus,1
DandelionSprout/adfilt,1
ShastraOS/site,1
pypa/bandersnatch,1
n0a/telegram-get-remote-ip,1
you-apps/TranslateYou,1
Zlvsky/webzaleski.com,1
codewithsadee/music-player,1
tusharnankani/resonating-circles,1
Chirag-And-Dheeraj/Dekho,1
Acrofil/flask-hotel-booking-app,1
fossunited/fossunited,1
Chalarangelo/30-seconds-of-code,1
everydaycodings/MimicMania,1
MisterBooo/LeetCodeAnimation,1
LAKSH3002/java-games,1
jxareas/Machine-Learning-Notebooks,1
best-of-lists/best-of,1
bens-schreiber/count-1-million,1
reflex-dev/templates,1
tusharnankani/patternistic,1
vercel/next.js,1
ChrisTitusTech/linutil,1
adriantwarog/Pokedex-RL,1
Aider-AI/aider,1
GoogleChromeLabs/webpack-libs-optimizations,1
woj-ciech/LeakLooker,1
microsoft/promptbase,1
manishbisht/Competitive-Programming,1
BlankSourceCode/obs-zoom-to-mouse,1
rasbt/LLMs-from-scratch,1
BerriAI/litellm,1
picocss/pico,1
run-llama/rags,1
bromite/filters,1
zlib-ng/zlib-ng,1
JeffersonYu1/importify,1
lobehub/lobe-chat,1
TheAlgorithms/C,1
binbard/leet-xt,1
laylavish/uBlockOrigin-HUGE-AI-Blocklist,1
theodorusclarence/theodorusclarence.com,1
kleampa/not-paid,1
ax/apk.sh,1
codemirror/codemirror5,1
QwenLM/qwen-code,1
JadenFurtado/geoAbuseIPDB,1
fingerprintjs/fingerprintjs,1
mkrl/misbrands,1
DataTalksClub/data-engineering-zoomcamp,1
sindresorhus/awesome-whisper,1
nawed2611/paperbrain,1
optionalg/Leetcode-Amazon,1
aditya172001/algo-hub,1
ioi/isolate,1
f/awesome-chatgpt-prompts,1
marcoagner/Flask-QRcode,1
OpenBB-finance/OpenBB,1
sarthak0714/Fast-Bank,1
niinpatel/calendarHTML-Javascript,1
anthropics/claude-code,1
wshobson/agents,1
chinchang/awesome-google-sheet,1
himahuja/Research-Internships-for-Undergraduates,1
hackclub/putting-the-you-in-cpu,1
ArtifexSoftware/pdf2docx,1
bytedance/deer-flow,1
groq/openbench,1
henriquesebastiao/badges,1
T8RIN/ImageToolbox,1
NVNTLabs/switch2-SDEX2M2,1
Reason-Wang/ToolGen,1
MihaiCristianCondrea/QR-Bar-Code-Scanner-for-Android,1
apple/ml-ferret,1
rails/rails,1
MarveleE/Vibeviewer,1
MaanasSehgal/Codeforces-Lite,1
megablazikenabhishek/Meeting-Analyzer,1
Snapchat/KeyDB,1
ashwinexe/Student-Community-Resources,1
openclimatefix/Elexonpy,1
anuraghazra/github-readme-stats,1
ufal/whisper_streaming,1
infiniflow/ragflow,1
yizheng1709/JobSearchResources,1
yonnies/functional-trading,1
imteekay/programming-language-research,1
eswd04/freeform_update,1
tamhoang1412/backend-swe-interview-questions,1
afreakyelf/Pdf-Viewer,1
armankhondker/best-leetcode-resources,1
Doriandarko/RepoToTextForLLMs,1
LeetCode-OpenSource/vscode-leetcode,1
Emosans/music-app,1
permissionlesstech/bitchat-android,1
ShashankGupta10/shatabdi-express,1
codinasion/codinasion,1
zauberzeug/nicegui,1
cs50/libcs50,1
azahar-emu/azahar,1
firstcomdigital/Google-Interview-University,1
deepseek-ai/DeepSeek-Prover-V2,1
anirudhakulkarni/Placements-2024,1
avinash201199/Competitions-and-Programs-List,1
subhashchy/The-Accidental-CTO,1
MoonshotAI/kimi-cli,1
ading2210/doompdf,1
567-labs/instructor,1
practicajs/practica,1
rickyzhangca/apple-summary-slides,1
khast3x/h8mail,1
Fosowl/agenticSeek,1
qbittorrent/qBittorrent,1
Jay4Codes/BakerHughes-DataViz,1
cookiecutter/cookiecutter-django,1
Florian-Barthel/splatviz,1
massgravel/Microsoft-Activation-Scripts,1
Erfan-Asadi/ray.so-clone,1
JacobLinCool/LeetCode-Stats-Card,1
apple/corenet,1
varunvasudeva1/llm-server-docs,1
anasty17/mirror-leech-telegram-bot,1
microsoft/Web-Dev-For-Beginners,1
OpenBMB/MiniCPM,1
universal-tool-calling-protocol/utcp-specification,1
SaketThota/CF-Knockout,1
continuedev/continue,1
CibiAananth/fullstack-next-fastapi,1
pytorch/torchchat,1
Datalux/Osintgram,1
codewithsadee/devblog-personal-blog-website,1
OpenGVLab/Ask-Anything,1
jankapunkt/latexcv,1
grammarly/gector,1
ababinet/ReedSolomon,1
codewithsadee/grilli,1
signalapp/better-sqlite3,1
SWE-agent/SWE-agent,1
LIJI32/SameBoy,1
speedyapply/2026-AI-College-Jobs,1
Runtime-Terror-NFC/need-for-code-35,1
xx025/carrot,1
DavidHDev/react-bits,1
Shopify/ruby-lsp,1
erikwiffin/0.30000000000000004,1
proghead00/Data-Structures-and-Algorithms-In-C-Cpp,1
jabbalaci/Flask-TailwindCSS-HTMX-Sample-Project,1
zxing/zxing,1
gslxr/Screen-Shooting-Resilient-Document-Image-Watermarking,1
yt-dlp/yt-dlp,1
OthersideAI/self-operating-computer,1
hemansnation/AI-Engineer-Headquarters,1
parallax/jsPDF,1
vacisdev/windows11,1
OpenBMB/MiniCPM-V,1
fragglet/c-algorithms,1
ethanchewy/PythonBuddy,1
postmanlabs/httpbin,1
Sakion-Team/Re-Telegram,1
laurocaetano/programming-in-haskell,1
KrishKrosh/TrackWeight,1
neuphonic/neutts-air,1
codewithsadee/foodie,1
mlabonne/llm-course,1
akarsh1995/leetcode-graphql-queries,1
Qalculate/libqalculate,1
kuutsav/leetcode-compensation,1
codewithsadee/richard-ryan,1
mrkrsl/web-search-mcp,1
krlvm/PowerTunnel-Android,1
lharries/whatsapp-mcp,1
filecxx/FileCentipede,1
JimmyLv/BibiGPT-v1,1
mihikagaonkar/OTC-Dashboard,1
coollabsio/coolify,1
vanna-ai/vanna,1
3b1b/manim,1
